pc1,pc2,clase
-7.731008,-1.433655,lima
-7.720645,-1.513109,lima
-7.682004,-1.407881,lima
-7.682697,-1.379669,lima
-7.647396,-1.344632,lima
-7.545485,-1.510017,lima
-7.488361,-1.304883,lima
-7.473337,-1.196725,lima
-7.465969,-1.101755,lima
-7.448257,-1.035222,lima
-7.452691,-0.991759,lima
-7.434653,-0.91747,lima
-7.441917,-0.714794,lima
-7.472396,-0.664901,lima
-7.474504,-0.617095,lima
-7.537065,-0.839676,lima
-7.50902,-0.845447,lima
-7.527861,-0.86869,lima
-7.520568,-0.911851,lima
-7.513683,-0.919785,lima
-7.50246,-0.98666,lima
-7.503234,-1.084331,lima
-7.589924,-1.299693,lima
-7.584304,-1.140424,lima
-7.610161,-1.329977,lima
-6.466419,-0.373507,lima
-6.429795,-0.459528,lima
-6.386496,-0.524771,lima
-6.314518,-0.710324,lima
-6.279773,-0.876875,lima
-6.26575,-0.851498,lima
-6.351204,-0.684036,lima
-6.746714,-1.206773,lima
-6.588296,-1.037016,lima
-4.876421,0.068969,lima
-4.80531,0.002744,lima
-4.853954,-0.060222,lima
-4.864819,-0.134687,lima
-4.929957,-0.266459,lima
-4.945657,-0.344784,lima
-5.064663,-0.54285,lima
-5.252672,-0.925179,lima
-5.369428,-1.125471,lima
-5.351944,-0.798192,lima
-5.361989,-0.80738,lima
-5.384644,-0.596839,lima
-5.316747,-0.455172,lima
-5.314905,-0.471798,lima
-5.384767,0.251363,lima
-5.205713,0.754199,lima
-5.126348,0.814319,lima
-4.90775,0.56103,lima
-4.95218,0.540353,lima
-5.40217,0.329405,lima
-5.410086,0.321977,lima
-5.16613,0.32893,lima
-5.166016,0.313799,lima
-5.169963,0.334731,lima
-5.264158,0.294344,lima
-5.275553,0.279719,lima
-5.319472,0.201544,lima
-5.303999,0.173959,lima
-5.624095,0.155083,lima
-5.588525,0.13262,lima
-5.571934,0.138609,lima
-5.509562,0.099789,lima
-7.204395,-1.251857,lima
-7.245006,-1.29992,lima
-7.349571,-1.291109,lima
-7.382107,-1.235249,lima
-7.444497,-1.234345,lima
-7.485295,-1.222181,lima
-7.514106,-1.21722,lima
-7.565449,-1.210238,lima
-7.581803,-1.26302,lima
-5.5094,2.333679,lima
-5.419795,2.325833,lima
-5.138591,2.393791,lima
-5.049422,2.389092,lima
-7.442956,-0.835522,lima
-7.431187,-0.846167,lima
-7.440235,-0.737877,lima
-7.521382,-0.813352,lima
-4.839068,2.360215,lima
-7.791917,-1.312511,lima
-7.90283,-1.222432,lima
-7.936918,-1.166376,lima
-8.092219,-1.212035,lima
-8.129191,-1.128905,lima
-8.16002,-1.0188,lima
-8.184054,-0.892389,lima
-8.192778,-0.757025,lima
-8.09954,-0.493797,lima
-6.245948,1.878985,lima
-8.088752,-0.354286,lima
-8.040881,-0.251354,lima
-7.993333,-0.14174,lima
-7.90887,-0.042951,lima
-7.701588,0.112551,lima
-4.462673,2.244151,lima
-7.156783,0.16761,lima
-6.949568,0.083193,lima
-6.729772,-0.055065,lima
-4.2558,2.21933,lima
-6.309343,-0.879513,lima
-6.324493,-0.869366,lima
-6.373121,-0.874958,lima
-4.053563,2.135754,lima
-6.451524,-0.706121,lima
-6.513365,-0.578557,lima
-6.630365,-0.755056,lima
-6.589064,-1.025179,lima
-6.562277,-1.086641,lima
-6.676642,-0.889842,lima
-3.857676,1.99018,lima
-6.662191,-0.908962,lima
-6.657474,-0.905609,lima
-6.64361,-0.911032,lima
-6.641093,-0.897334,lima
-6.644281,-0.860706,lima
-6.643414,-0.831004,lima
-6.623944,-0.813553,lima
-6.602893,-0.7561,lima
-3.764521,1.92169,lima
-6.592191,-0.666523,lima
-6.600531,-0.596177,lima
-6.559518,-0.514033,lima
-6.582499,-0.378683,lima
-6.554498,-0.304574,lima
-6.552635,-0.241743,lima
-6.556556,-0.054963,lima
-6.535873,0.154364,lima
-6.49515,0.416606,lima
-6.482513,0.533288,lima
-3.610632,1.774097,lima
-6.195063,1.966073,lima
-6.318329,1.277649,lima
-6.300483,1.363497,lima
-6.280941,1.471519,lima
-6.219288,1.533513,lima
-6.163491,1.673979,lima
-6.023855,1.936435,lima
-6.00489,2.024976,lima
-3.516053,1.686057,lima
-5.824002,2.219563,lima
-5.258235,2.36959,lima
-4.957764,2.488178,lima
-4.493818,2.443383,lima
-3.296639,1.343458,lima
-3.246081,1.243755,lima
-3.178427,1.097441,lima
-3.045256,0.778597,lima
-6.143256,2.028372,lima
-2.947253,0.283031,lima
-2.888909,-0.080475,lima
-2.84092,-0.47351,lima
-2.845976,-1.016588,lima
-2.895873,-1.302193,lima
-2.964525,-1.823016,lima
-2.95088,-1.86639,lima
-2.98404,-1.960405,lima
-3.028621,-2.102474,lima
-3.051113,-2.137527,lima
-3.157364,-2.308312,lima
-6.004272,2.177456,lima
-3.234986,-2.37892,lima
-3.336627,-2.429213,lima
-3.402224,-2.467165,lima
-3.460895,-2.530026,lima
-3.534048,-2.582146,lima
-3.710923,-2.649451,lima
-3.979828,-2.696047,lima
-5.942482,2.205191,lima
-4.277179,-2.694987,lima
-4.505293,-2.66585,lima
-4.59758,-2.66954,lima
-4.710232,-2.820115,lima
-5.201414,-2.72378,lima
-5.303546,-2.668171,lima
-5.437847,-2.618883,lima
-5.659314,-2.500001,lima
-6.720783,-1.665484,lima
-6.814846,-1.612043,lima
-6.872135,-1.541974,lima
-6.965157,-1.470669,lima
-7.031523,-1.392307,lima
-7.100792,-1.341023,lima
-7.149979,-1.291752,lima
-5.700983,2.278891,lima
-1.02697,-0.452065,lima
-4.576841,0.96777,lima
-4.484702,0.959214,lima
-4.199588,1.102025,lima
-4.112033,1.128583,lima
-4.087967,1.031988,lima
-3.969886,1.024841,lima
-3.799904,0.999667,lima
-3.523102,0.879034,lima
-3.48387,0.681657,lima
-1.224022,-0.58596,lima
-3.06044,0.428683,lima
-2.974945,0.353767,lima
-3.016634,0.249516,lima
-2.905156,0.015525,lima
-2.866241,-0.0582,lima
-2.762349,-0.447781,lima
-2.746892,-0.52234,lima
-2.77839,-0.561813,lima
-2.898109,-0.652337,lima
-1.374324,-0.592682,lima
-3.021493,-0.619562,lima
-3.304883,-0.029629,lima
-3.529613,0.203375,lima
-3.716656,0.544997,lima
-4.13259,0.806099,lima
-4.205657,0.887715,lima
-4.39343,0.783701,lima
-1.635938,-0.521846,lima
-4.487673,0.768248,lima
-4.537308,0.721915,lima
-4.604304,0.609739,lima
-4.678897,0.458159,lima
-4.755272,0.347136,lima
-4.771273,0.291489,lima
-4.792633,0.228119,lima
-4.811787,0.128238,lima
-1.708814,-0.309916,lima
-5.261215,-0.864396,lima
-5.294625,-0.964706,lima
-2.103001,-0.354379,lima
-4.974266,1.151373,lima
-4.865779,1.365224,lima
-2.310756,-0.250505,lima
-3.409769,2.560609,lima
-3.148602,2.584521,lima
-2.695896,2.662971,lima
-2.282796,2.6646,lima
-2.176934,2.641411,lima
-2.282185,2.669277,lima
-1.883231,2.658883,lima
-1.826016,2.581976,lima
-1.722157,2.516058,lima
-1.658444,2.2966,lima
-1.290662,2.37549,lima
-1.239095,2.242131,lima
-1.151814,2.191017,lima
-1.026215,1.978889,lima
-0.549726,0.941745,lima
-0.504915,0.710617,lima
-0.493748,0.551707,lima
-0.339467,0.230942,lima
-0.331263,0.150218,lima
-0.352532,0.024594,lima
-0.545573,-0.174577,lima
-0.578643,-0.275409,lima
-0.602739,-0.328717,lima
-0.770737,-0.387349,lima
-2.977052,-0.098158,lima
-0.915253,-0.601226,lima
-0.936543,-0.564127,lima
-0.967992,-0.440501,lima
-0.953502,-0.428517,lima
-1.016518,-0.529471,lima
-0.993309,-0.485956,lima
-0.93844,-0.450558,lima
-0.974606,-0.438076,lima
-0.924824,-0.43938,lima
-0.897349,-0.385593,lima
-0.940898,-0.397586,lima
-0.911635,-0.45882,lima
-1.012213,-0.466062,lima
-1.085709,-0.491656,lima
-3.354453,0.075549,lima
-1.122887,-0.479528,lima
-1.130897,-0.495355,lima
-1.200831,-0.511583,lima
-1.580003,-0.269191,lima
-1.772517,-0.203228,lima
-3.460666,0.114406,lima
-1.892331,-0.14562,lima
-2.048904,-0.230348,lima
-2.327737,-0.287633,lima
-2.452043,-0.218657,lima
-2.700363,-0.109938,lima
-2.856191,-0.069547,lima
-3.611172,0.132401,lima
-3.684442,0.200665,lima
-3.783014,0.246561,lima
-4.178513,0.427232,lima
-4.298058,0.362565,lima
-4.627221,0.457143,lima
-1.054526,-0.531758,lima
-1.065858,-0.543341,lima
-1.082329,-0.547953,lima
-5.36897,0.282071,lima
-1.110659,-0.598264,lima
-5.093762,0.544876,lima
-4.953572,0.691328,lima
-4.878955,0.728461,lima
-1.142125,-0.562881,lima
-7.313909,0.115046,limon
-7.308178,0.153876,limon
-7.352176,0.321401,limon
-7.300872,0.385999,limon
-7.315966,0.381577,limon
-7.299813,0.43353,limon
-7.303791,0.490865,limon
-7.515454,0.527823,limon
-7.613014,-0.235921,limon
-7.506763,0.55783,limon
-7.659002,0.490301,limon
-7.750704,0.447692,limon
-7.937961,0.452939,limon
-7.937402,0.450075,limon
-7.935199,0.461315,limon
-7.968955,0.509165,limon
-8.06036,0.38782,limon
-8.085507,0.392045,limon
-8.085972,0.3649,limon
-8.118021,0.381852,limon
-8.230792,0.212588,limon
-4.976671,-2.897039,limon
-4.877679,-2.711025,limon
-4.934761,-2.681345,limon
-5.062261,-2.562984,limon
-4.050052,-2.045235,limon
-5.218329,-2.376244,limon
-5.255074,-2.372125,limon
-5.287222,-2.340078,limon
-3.976984,-2.100936,limon
-5.975013,-2.088952,limon
-3.966576,-2.084721,limon
-3.955244,-2.118297,limon
-4.009411,-2.148509,limon
-4.104506,-2.114324,limon
-4.11582,-2.104939,limon
-4.165534,-1.082718,limon
-4.08703,-2.101947,limon
-4.29453,-1.387285,limon
-4.137958,-2.107575,limon
-4.125565,-2.11196,limon
-4.097185,-2.054089,limon
-4.231913,-2.015065,limon
-4.114052,-1.545104,limon
-5.647965,-3.693896,limon
-5.588161,-3.773328,limon
-5.571265,-3.764717,limon
-5.562455,-3.752834,limon
-5.607903,-3.604165,limon
-5.683404,-3.482808,limon
-5.813543,-3.211905,limon
-5.726658,-3.496447,limon
-5.678143,-3.410815,limon
-5.664498,-3.435798,limon
-5.652834,-3.511752,limon
-5.708164,-3.669171,limon
-5.794189,-3.69879,limon
-6.5341,-3.228716,limon
-6.457516,-3.212901,limon
-5.941159,-3.808874,limon
-5.973818,-3.705515,limon
-5.843716,-2.653293,limon
-5.905996,-2.798872,limon
-4.902834,-3.165314,limon
-4.906115,-3.198505,limon
-4.816076,-3.36313,limon
-5.015883,-3.372046,limon
-6.103139,-3.094594,limon
-5.526763,-2.532893,limon
-5.738748,-2.72102,limon
-5.770857,-2.699338,limon
-5.836069,-2.820551,limon
-5.896278,-2.944953,limon
-5.912337,-2.982565,limon
-5.970228,-3.005093,limon
-6.151036,-3.124485,limon
-5.832312,-2.745576,limon
-8.319104,0.29476,limon
-8.324451,0.281648,limon
-8.324234,0.284338,limon
-8.317939,0.278388,limon
-7.399344,-0.105766,limon
-8.340716,0.347204,limon
-8.367604,0.196523,limon
-7.458328,-0.149751,limon
-8.326106,0.200065,limon
-8.340846,0.178666,limon
-8.342762,0.16141,limon
-8.308629,0.197241,limon
-8.306655,0.240752,limon
-8.211545,0.249782,limon
-8.190636,0.211852,limon
-8.178834,0.424901,limon
-8.169983,0.359907,limon
-8.183493,0.343548,limon
-8.181812,0.503242,limon
-8.192673,0.492026,limon
-8.127048,0.55489,limon
-8.253608,0.565423,limon
-7.344807,0.10563,limon
-8.202066,0.723089,limon
-8.196241,0.66075,limon
-8.117985,0.611818,limon
-7.972583,0.529051,limon
-7.974453,0.498593,limon
-7.882496,0.426879,limon
-7.884322,0.415055,limon
-7.882389,0.416267,limon
-7.738799,0.351866,limon
-7.729169,0.338457,limon
-7.717185,0.336376,limon
-7.717362,0.295624,limon
-7.710754,0.266209,limon
-7.738714,0.031629,limon
-7.700608,-0.075793,limon
-7.603717,-0.348873,limon
-7.597801,-0.39161,limon
-7.579661,-0.391959,limon
-7.627796,-0.393066,limon
-7.613956,-0.353025,limon
-7.589054,-0.325626,limon
-7.572936,-0.17926,limon
-7.521963,-0.124042,limon
-7.39765,-0.147006,limon
-7.55764,-0.124575,limon
-7.427605,-0.133333,limon
-7.390807,-0.111197,limon
-3.830692,-0.709172,limon
-3.848563,-0.734227,limon
-3.577044,-0.808784,limon
-3.700289,-0.831825,limon
-3.481702,-0.83124,limon
-3.951504,-1.77149,limon
-4.216641,-2.152416,limon
-4.17373,-2.218485,limon
-4.22248,-2.280333,limon
-4.499701,-2.544516,limon
-4.543331,-2.555035,limon
-5.582066,-2.095911,limon
-5.549854,-2.07325,limon
-5.800712,-2.089581,limon
-5.784349,-2.074967,limon
-5.801815,-2.085422,limon
-5.979364,-2.105494,limon
-6.036227,-2.135105,limon
-6.024494,-2.105881,limon
-6.16959,-2.086234,limon
-6.632962,-2.100733,limon
-6.624508,-1.938675,limon
-6.600056,-1.840886,limon
-6.351538,-1.089566,limon
-6.281727,-0.977919,limon
-6.146546,-0.778302,limon
-5.983893,-0.510655,limon
-5.670985,-0.298805,limon
-5.412278,-0.265127,limon
-4.828864,-0.272829,limon
-4.743683,-0.336533,limon
-4.052416,-0.891154,limon
-3.907264,-1.046937,limon
-3.868742,-1.092011,limon
-3.747226,-1.495702,limon
-3.812332,-1.516062,limon
-4.05506,-1.152997,limon
-4.111912,-0.757296,limon
-4.168864,-0.770645,limon
-4.186869,-0.760468,limon
-4.2927,-1.343708,limon
-4.254466,-1.954105,limon
-4.303068,-1.917811,limon
-4.407887,-1.955122,limon
-4.266517,-1.953652,limon
-4.12366,-1.810076,limon
-4.113981,-1.781083,limon
-4.063708,-1.390921,limon
-4.069695,-1.346365,limon
-4.077674,-1.220016,limon
-3.859007,-0.905078,limon
-3.864919,-0.765425,limon
-3.859774,-0.762316,limon
-6.811536,-3.558645,limon
-5.80624,-3.385171,limon
-5.783254,-3.39337,limon
-7.057783,-3.477899,limon
-5.941221,-3.287119,limon
-5.981057,-3.298847,limon
-6.993375,-3.387991,limon
-6.229283,-3.066912,limon
-6.236916,-2.92396,limon
-6.239743,-2.959924,limon
-6.987554,-3.362171,limon
-6.152452,-3.045627,limon
-6.086606,-3.095916,limon
-6.004718,-3.193327,limon
-5.959721,-3.226901,limon
-5.733304,-3.524679,limon
-5.704248,-3.431076,limon
-6.873568,-3.378576,limon
-5.766271,-3.395514,limon
-5.837468,-3.202541,limon
-5.880321,-3.343645,limon
-5.827528,-3.414389,limon
-6.885334,-3.500823,limon
-6.726375,-3.373854,limon
-6.126275,-3.628614,limon
-6.457213,-3.716402,limon
-6.451748,-3.724703,limon
-6.437914,-3.889583,limon
-6.440318,-3.880226,limon
-6.511113,-3.745219,limon
-6.649588,-3.429372,limon
-6.641512,-3.348132,limon
-6.64372,-3.293174,limon
-6.612232,-3.161646,limon
-6.606511,-3.121268,limon
-6.581448,-3.045856,limon
-6.558393,-3.225575,limon
-6.343287,-3.348458,limon
-6.366947,-3.520224,limon
-6.374081,-3.510084,limon
-6.485729,-3.414264,limon
-6.534063,-3.381002,limon
-6.645779,-3.274246,limon
-6.743993,-3.184027,limon
-6.670573,-3.186039,limon
-6.567122,-3.197578,limon
-6.548834,-3.182626,limon
-6.27465,-3.261605,limon
-6.221814,-3.269072,limon
-6.95338,-3.456358,limon
-6.039954,-3.391993,limon
-6.027694,-3.189328,limon
-6.040801,-3.120277,limon
-6.041458,-3.082027,limon
-6.033623,-3.072208,limon
-6.03332,-3.052347,limon
-6.072095,-3.06251,limon
-6.07985,-3.094267,limon
-6.070156,-3.092985,limon
-6.068282,-3.10342,limon
-6.043622,-3.111632,limon
-6.009251,-3.006271,limon
-7.078531,-3.49744,limon
-5.967853,-3.042996,limon
-5.865371,-3.291143,limon
-7.064564,-3.477463,limon
-4.992065,-2.481389,limon
-4.94438,-2.340905,limon
-4.924238,-2.518383,limon
-4.837892,-2.550469,limon
-4.851589,-2.544919,limon
-4.717933,-2.30748,limon
-4.702072,-2.046578,limon
-4.665852,-1.717023,limon
-4.67126,-1.684173,limon
-4.677238,-1.653762,limon
-4.756614,-1.739733,limon
-4.792001,-1.811748,limon
-4.811231,-1.853321,limon
-4.829614,-1.893929,limon
-4.877565,-2.202062,limon
-4.9884,-2.380409,limon
-4.968035,-2.43578,limon
-5.11498,-2.750383,limon
-5.038499,-3.019167,limon
-5.023804,-3.057953,limon
-5.023296,-3.10612,limon
-4.98605,-3.17621,limon
-5.10517,-3.316895,limon
-5.144955,-3.243805,limon
-5.208212,-2.982592,limon
-5.250283,-2.874654,limon
-5.262587,-2.917684,limon
-5.489552,-2.989201,limon
-5.52662,-2.975076,limon
-5.427051,-2.574406,limon
-5.421794,-2.528428,limon
-5.185148,-2.561622,limon
-5.071538,-2.965329,limon
-5.073347,-2.923098,limon
-6.163328,-3.118157,limon
-5.240901,-2.967697,limon
-5.399869,-1.978754,limon
-5.417757,-1.940041,limon
-5.522342,-1.967406,limon
-5.534217,-1.942449,limon
-5.523131,-1.931927,limon
-5.408993,-1.812665,limon
-5.684329,-2.635919,limon
-6.440875,-3.053353,limon
-6.399525,-3.136944,limon
-6.342063,-3.140605,limon
-6.31476,-3.166155,limon
-6.141608,-3.070467,limon
-6.168759,-3.043098,limon
-6.127666,-3.008632,limon
-6.104186,-2.872329,limon
-5.893032,-2.555929,limon
-5.482064,-2.107306,limon
-5.233997,-2.205765,limon
-1.61514,-0.065514,mandarina
-1.662133,-0.070724,mandarina
-1.685633,-0.080616,mandarina
-1.745227,-0.109071,mandarina
-3.35626,-0.217543,mandarina
-3.560123,-0.01801,mandarina
-3.587816,0.047128,mandarina
-3.584771,0.04402,mandarina
-3.654666,-0.024167,mandarina
-3.620388,-0.017359,mandarina
-3.627221,-0.041522,mandarina
-3.585899,-0.062662,mandarina
-3.548634,-0.087761,mandarina
-3.537585,-0.104261,mandarina
-3.532224,-0.08436,mandarina
-3.514334,-0.074807,mandarina
-3.529683,-0.065255,mandarina
-3.58906,0.004607,mandarina
-3.617915,0.032498,mandarina
-3.541934,0.126704,mandarina
-3.555084,0.230332,mandarina
-3.595725,0.271385,mandarina
-3.577351,0.338781,mandarina
-3.592841,0.446105,mandarina
-3.599084,0.476281,mandarina
-3.59013,0.546918,mandarina
-3.597472,0.60622,mandarina
-3.56296,0.632758,mandarina
-3.451466,0.696542,mandarina
-3.418904,0.705321,mandarina
-3.375064,0.743046,mandarina
-3.364336,0.81144,mandarina
-3.386682,0.735357,mandarina
-3.326061,0.739964,mandarina
-2.613501,1.37014,mandarina
-2.556288,1.54422,mandarina
-2.427167,1.452563,mandarina
-2.348522,1.399275,mandarina
-2.583452,1.489164,mandarina
-2.482943,1.412671,mandarina
-2.427329,1.330122,mandarina
-2.501224,1.432414,mandarina
-2.48595,1.39371,mandarina
-2.43309,1.290847,mandarina
-1.911869,0.350989,mandarina
-1.982885,0.201955,mandarina
-1.786094,0.329401,mandarina
-1.745444,0.273619,mandarina
-1.700297,0.289566,mandarina
-1.620052,0.246998,mandarina
-4.151622,-0.391179,mandarina
-4.127556,-0.13566,mandarina
-4.095041,0.15999,mandarina
-3.970225,0.190797,mandarina
-3.94116,0.222805,mandarina
-3.908225,0.210622,mandarina
-3.801882,0.196457,mandarina
-3.689853,0.065421,mandarina
-3.217851,0.276205,mandarina
-3.135053,0.347963,mandarina
-2.830946,0.419778,mandarina
-2.646573,0.536721,mandarina
-2.757842,0.616009,mandarina
-2.59562,0.800071,mandarina
-3.044015,1.144266,mandarina
-2.77274,1.255972,mandarina
-2.756227,1.323865,mandarina
-2.729678,1.324747,mandarina
-2.600357,1.2219,mandarina
-2.569317,1.261479,mandarina
-2.144363,0.529929,mandarina
-1.176377,0.694777,mandarina
-1.180145,0.702668,mandarina
-1.182109,0.684614,mandarina
-1.145827,0.707987,mandarina
-1.149065,0.7076,mandarina
-1.190101,0.716742,mandarina
-1.632292,0.46306,mandarina
-1.196814,0.678764,mandarina
-1.258981,0.641834,mandarina
-1.283468,0.628121,mandarina
-1.229464,0.660614,mandarina
-1.243619,0.63726,mandarina
-1.244705,0.530794,mandarina
-1.598378,0.477842,mandarina
-1.258641,0.519672,mandarina
-1.266651,0.548575,mandarina
-1.290872,0.542077,mandarina
-1.267266,0.530464,mandarina
-1.287114,0.447846,mandarina
-1.278824,0.261396,mandarina
-1.286866,0.238286,mandarina
-1.327089,0.229499,mandarina
-1.388714,0.130322,mandarina
-1.4433,0.06579,mandarina
-1.552255,0.459689,mandarina
-1.597288,0.026008,mandarina
-1.636503,0.014512,mandarina
-1.864917,-0.187736,mandarina
-1.990596,-0.200137,mandarina
-2.021052,-0.226645,mandarina
-1.528771,0.417827,mandarina
-2.262884,-0.304482,mandarina
-2.322411,-0.30895,mandarina
-2.354553,-0.35599,mandarina
-2.529102,-0.375256,mandarina
-2.574017,-0.412472,mandarina
-2.752741,-0.367166,mandarina
-2.874346,-0.375768,mandarina
-1.493744,0.427988,mandarina
-3.065299,-0.398773,mandarina
-3.223418,-0.375799,mandarina
-3.209608,-0.312502,mandarina
-3.316518,-0.274806,mandarina
-3.323317,-0.220495,mandarina
-3.384169,-0.19283,mandarina
-1.508755,0.426628,mandarina
-1.471763,0.419772,mandarina
-1.487231,0.402553,mandarina
-1.477805,0.408999,mandarina
-1.514416,0.360165,mandarina
-1.533176,0.383251,mandarina
-1.508266,0.390048,mandarina
-1.527482,0.38161,mandarina
-3.072258,0.587582,mandarina
-2.994411,0.612452,mandarina
-2.935184,0.611393,mandarina
-2.880419,0.634379,mandarina
-2.843244,0.646679,mandarina
-1.511109,0.341159,mandarina
-2.816841,0.679864,mandarina
-2.776313,0.687425,mandarina
-2.897825,0.756007,mandarina
-2.83052,0.745341,mandarina
-2.828577,0.739208,mandarina
-2.747166,0.742419,mandarina
-2.740971,0.72943,mandarina
-1.531854,0.315656,mandarina
-2.282472,0.584182,mandarina
-2.000823,0.466695,mandarina
-2.133551,0.540284,mandarina
-2.090984,0.498971,mandarina
-2.022509,0.477076,mandarina
-1.981124,0.482563,mandarina
-1.931299,0.468238,mandarina
-1.73194,0.439443,mandarina
-1.682243,0.466848,mandarina
-1.657268,0.469156,mandarina
-1.626802,0.46188,mandarina
-1.559769,0.437784,mandarina
-1.512975,0.432575,mandarina
-1.513869,0.412634,mandarina
-1.566754,0.391668,mandarina
-1.605688,0.31952,mandarina
-1.508053,0.364471,mandarina
-1.492472,0.376408,mandarina
-1.585769,0.33631,mandarina
-1.546897,0.354404,mandarina
-1.553967,0.328539,mandarina
-1.498379,0.389513,mandarina
-1.600376,0.312998,mandarina
-1.869467,0.512549,mandarina
-1.602695,0.303242,mandarina
-1.595766,0.286198,mandarina
-1.557865,0.234534,mandarina
-1.560414,0.168047,mandarina
-1.538554,0.169184,mandarina
-1.548447,0.15533,mandarina
-1.54644,0.143615,mandarina
-1.834943,0.513157,mandarina
-1.690781,0.138421,mandarina
-1.722253,0.156911,mandarina
-1.765996,0.229361,mandarina
-1.7839,0.498697,mandarina
-1.802718,0.236383,mandarina
-1.90744,0.400969,mandarina
-1.978354,0.494891,mandarina
-1.992994,0.590353,mandarina
-1.992377,0.63465,mandarina
-1.957691,0.843448,mandarina
-1.968442,0.871229,mandarina
-1.705133,0.482243,mandarina
-1.851039,0.976927,mandarina
-1.725158,1.041417,mandarina
-1.465074,0.921234,mandarina
-1.43384,0.89462,mandarina
-1.679706,0.482774,mandarina
-1.305313,0.904075,mandarina
-1.292041,0.885091,mandarina
-1.245056,0.867009,mandarina
-1.241657,0.77425,mandarina
-1.22642,0.727677,mandarina
-1.193685,0.721646,mandarina
-1.176757,0.715978,mandarina
-2.475657,1.329472,mandarina
-2.603096,1.372217,mandarina
-2.471736,1.210072,mandarina
-2.334973,1.320839,mandarina
-2.333443,1.328034,mandarina
-2.329694,1.319661,mandarina
-2.253826,1.348574,mandarina
-2.255217,1.432899,mandarina
-2.166442,1.630909,mandarina
-1.906281,1.753451,mandarina
-1.86378,1.738197,mandarina
-1.836977,1.728347,mandarina
-1.737651,1.739732,mandarina
-1.439842,-1.58897,mandarina
-1.57279,1.420508,mandarina
-1.427366,1.238707,mandarina
-1.394882,1.169932,mandarina
-1.405257,1.101668,mandarina
-1.395676,1.0692,mandarina
-1.318435,0.857847,mandarina
-1.213571,0.731658,mandarina
-1.261916,0.654425,mandarina
-1.066725,0.522479,mandarina
-1.09718,0.474012,mandarina
-1.03136,0.23318,mandarina
-1.133335,0.12094,mandarina
-0.998087,0.089195,mandarina
-1.047813,0.073572,mandarina
-1.132691,-0.02977,mandarina
-1.09625,-0.043717,mandarina
-1.147209,-0.031679,mandarina
-1.17303,-0.017336,mandarina
-1.165188,-0.091836,mandarina
-1.292211,-0.073093,mandarina
-1.274001,-0.043352,mandarina
-2.067592,-1.793106,mandarina
-1.300423,-0.047046,mandarina
-1.329373,-0.062079,mandarina
-1.35269,-0.009028,mandarina
-1.427912,-0.012137,mandarina
-1.38084,-0.053503,mandarina
-1.302646,-0.061874,mandarina
-2.319316,-1.863193,mandarina
-1.538742,0.056212,mandarina
-1.546569,0.084431,mandarina
-1.648961,0.123699,mandarina
-1.692169,0.141211,mandarina
-1.735816,0.166169,mandarina
-1.743847,0.208021,mandarina
-1.984937,0.34671,mandarina
-1.99753,0.348357,mandarina
-2.023499,0.37246,mandarina
-2.030465,0.366741,mandarina
-2.009137,0.355204,mandarina
-2.007926,0.352669,mandarina
-2.051914,0.339746,mandarina
-2.174554,0.40113,mandarina
-1.963822,0.285954,mandarina
-2.105031,0.364013,mandarina
-2.037015,0.30533,mandarina
-1.387786,0.433324,mandarina
-2.989287,-1.791225,mandarina
-1.276801,0.708568,mandarina
-1.676758,1.203934,mandarina
-1.734956,1.443382,mandarina
-1.008776,1.553421,mandarina
-0.962031,1.724619,mandarina
-0.935691,1.845657,mandarina
-0.875762,1.950644,mandarina
-0.712064,2.256505,mandarina
-0.623539,2.333274,mandarina
-0.536037,2.387146,mandarina
-0.085856,2.251742,mandarina
-3.120115,-1.743415,mandarina
-0.058178,2.205187,mandarina
0.018534,1.95383,mandarina
0.085447,1.883603,mandarina
0.155861,1.254913,mandarina
0.062155,0.935884,mandarina
0.074318,0.686167,mandarina
-0.104726,0.231059,mandarina
-0.219075,-0.163765,mandarina
-0.434943,-0.450499,mandarina
-0.467969,-0.588062,mandarina
-1.324327,-1.667287,mandarina
-1.536375,-1.649187,mandarina
-1.794003,-1.961342,mandarina
-1.952615,-1.997461,mandarina
-2.058362,-2.055755,mandarina
-2.195111,-2.10628,mandarina
-2.295814,-2.091802,mandarina
-2.545216,-2.104799,mandarina
-2.760505,-2.087506,mandarina
-3.754928,-1.14601,mandarina
-3.801652,-1.072729,mandarina
-3.86113,-1.060054,mandarina
-3.911082,-0.930899,mandarina
-4.072963,-0.740773,mandarina
-4.105844,-0.613745,mandarina
-4.113324,-0.521255,mandarina
-4.152545,-0.496718,mandarina
-0.2572,-0.496933,mandarina
-4.119116,-0.323049,mandarina
-4.12629,-0.24984,mandarina
-0.568296,-0.863692,mandarina
-0.75125,-1.086102,mandarina
-5.257251,0.314117,manzana_golden
-5.164907,0.071936,manzana_golden
-5.09565,-0.032603,manzana_golden
-5.019622,-0.802854,manzana_golden
-5.684699,-1.683282,manzana_golden
-7.548883,1.974031,manzana_golden
-7.357576,2.13605,manzana_golden
-6.351469,2.020727,manzana_golden
-5.615948,1.182279,manzana_golden
-5.601882,1.05823,manzana_golden
-5.449973,0.943925,manzana_golden
-9.903762,-1.704045,manzana_golden
-8.076882,-1.924942,manzana_golden
-10.059041,-1.499252,manzana_golden
-10.110739,-1.316509,manzana_golden
-10.118795,-1.240083,manzana_golden
-10.189696,-1.38228,manzana_golden
-10.029809,-1.19359,manzana_golden
-9.944392,-1.039849,manzana_golden
-9.933568,-0.883935,manzana_golden
-9.747135,-0.197056,manzana_golden
-9.644979,0.125605,manzana_golden
-8.372858,-1.975309,manzana_golden
-7.57647,2.351115,manzana_golden
-11.721254,-0.884021,manzana_golden
-11.804264,-0.695126,manzana_golden
-11.787901,-0.561465,manzana_golden
-11.840501,-0.447351,manzana_golden
-12.035691,-1.054009,manzana_golden
-11.765532,-0.422338,manzana_golden
-11.717534,-0.306583,manzana_golden
-11.526524,0.103149,manzana_golden
-11.487487,-0.383352,manzana_golden
-11.630524,-0.769304,manzana_golden
-11.4743,-0.740015,manzana_golden
-11.679391,-1.813409,manzana_golden
-11.727681,-1.917226,manzana_golden
-11.988359,-2.056406,manzana_golden
-12.010323,-2.056883,manzana_golden
-12.25712,-2.017107,manzana_golden
-11.824388,-0.750687,manzana_golden
-11.554198,-2.111859,manzana_golden
-9.116397,-1.161906,manzana_golden
-11.947556,-2.159119,manzana_golden
-12.441683,-2.552148,manzana_golden
-11.166327,-0.690876,manzana_golden
-8.987001,-1.030957,manzana_golden
-11.117831,-0.292623,manzana_golden
-11.053089,-0.196212,manzana_golden
-11.044586,-0.194838,manzana_golden
-10.997626,-0.002348,manzana_golden
-10.984761,0.085138,manzana_golden
-9.031142,-1.079012,manzana_golden
-10.578581,0.918365,manzana_golden
-9.688876,1.272321,manzana_golden
-9.518114,1.178336,manzana_golden
-9.217149,1.060236,manzana_golden
-8.878034,0.660412,manzana_golden
-8.375298,-0.048641,manzana_golden
-9.279392,-1.248167,manzana_golden
-6.547586,3.861541,manzana_golden
-4.235313,4.011442,manzana_golden
-4.244904,3.644528,manzana_golden
-4.603881,2.90309,manzana_golden
-4.686832,3.081972,manzana_golden
-5.958897,4.371642,manzana_golden
-5.197508,3.215369,manzana_golden
-5.523644,3.116461,manzana_golden
-5.6128,2.844087,manzana_golden
-5.636883,2.836623,manzana_golden
-5.670931,2.837661,manzana_golden
-5.980774,2.510244,manzana_golden
-4.272159,3.817336,manzana_golden
-4.281285,3.925554,manzana_golden
-5.341683,2.892255,manzana_golden
-5.493052,2.842053,manzana_golden
-5.51688,2.911202,manzana_golden
-5.465789,3.145551,manzana_golden
-5.534581,3.377198,manzana_golden
-4.20002,3.537125,manzana_golden
-4.965016,3.823911,manzana_golden
-9.411787,0.553377,manzana_golden
-6.608568,-1.686093,manzana_golden
-7.089448,-1.715027,manzana_golden
-7.373413,-1.742288,manzana_golden
-8.169617,-1.826223,manzana_golden
-8.601967,-1.521229,manzana_golden
-8.706433,-1.475137,manzana_golden
-8.889462,-1.31166,manzana_golden
-9.289197,-0.883084,manzana_golden
-9.385109,-0.644951,manzana_golden
-9.487096,0.910822,manzana_golden
-8.698317,0.219346,manzana_golden
-8.534664,-0.50351,manzana_golden
-8.511367,-0.792146,manzana_golden
-8.448477,-0.879641,manzana_golden
-8.51926,-1.207414,manzana_golden
-8.461797,-1.30534,manzana_golden
-8.5019,-1.293379,manzana_golden
-8.564443,-1.375528,manzana_golden
-8.581316,-1.294481,manzana_golden
-9.380698,-1.262223,manzana_golden
-9.579952,-1.287032,manzana_golden
-9.508884,-1.252196,manzana_golden
-9.801617,-1.178758,manzana_golden
-9.679626,-1.049232,manzana_golden
-8.906243,0.040288,manzana_golden
-9.800563,-0.861556,manzana_golden
-9.93323,-0.887556,manzana_golden
-9.720121,-0.655849,manzana_golden
-10.214747,-0.338689,manzana_golden
-10.124581,0.086883,manzana_golden
-9.855931,0.517802,manzana_golden
-8.833338,-0.245175,manzana_golden
-8.899659,-0.261827,manzana_golden
-8.82574,-0.255243,manzana_golden
-8.882184,-0.294138,manzana_golden
-8.763245,0.015432,manzana_golden
-9.673564,0.693109,manzana_golden
-8.668816,0.165389,manzana_golden
-8.537108,0.596762,manzana_golden
-7.733512,1.718616,manzana_golden
-7.99659,-1.953767,manzana_golden
-6.33378,2.216,manzana_golden
-5.803506,2.028582,manzana_golden
-4.783235,0.777692,manzana_golden
-4.649308,0.525234,manzana_golden
-4.548682,-1.160838,manzana_golden
-4.484497,-1.248831,manzana_golden
-4.644598,-1.498301,manzana_golden
-4.657069,-1.618684,manzana_golden
-4.849355,-2.376449,manzana_golden
-4.925399,-2.691546,manzana_golden
-8.841111,-2.071854,manzana_golden
-5.550083,-2.556945,manzana_golden
-5.612105,-2.469266,manzana_golden
-5.966122,-1.970629,manzana_golden
-6.002475,-1.837736,manzana_golden
-6.292549,0.057724,manzana_golden
-6.160458,0.471172,manzana_golden
-5.884283,-0.150079,manzana_golden
-5.865436,-0.269346,manzana_golden
-5.739639,-0.488985,manzana_golden
-5.824546,-1.052701,manzana_golden
-5.855744,-1.15577,manzana_golden
-5.882872,-1.249908,manzana_golden
-6.036724,-1.400039,manzana_golden
-6.192618,-1.572269,manzana_golden
-7.128077,-1.503699,manzana_golden
-7.210364,-1.408739,manzana_golden
-7.446561,-1.055284,manzana_golden
-7.49812,-0.057651,manzana_golden
-7.469884,-0.121775,manzana_golden
-7.473097,-0.244638,manzana_golden
-7.492867,-0.562552,manzana_golden
-9.573851,-2.11215,manzana_golden
-7.510963,-0.960456,manzana_golden
-7.55393,-1.03813,manzana_golden
-7.822093,-1.844868,manzana_golden
-8.156457,-2.005164,manzana_golden
-8.286895,-2.002555,manzana_golden
-12.333104,-1.704132,manzana_golden
-12.402988,-1.674041,manzana_golden
-12.536027,-1.307515,manzana_golden
-12.722658,-1.461839,manzana_golden
-12.695841,-1.420475,manzana_golden
-12.632349,-1.39902,manzana_golden
-11.730203,-0.871431,manzana_golden
-12.24457,-1.668506,manzana_golden
-12.029325,-2.264324,manzana_golden
-12.049471,-1.608155,manzana_golden
-12.303719,-1.000019,manzana_golden
-12.433112,-1.214062,manzana_golden
-12.329094,-0.82394,manzana_golden
-12.365594,-0.890592,manzana_golden
-12.575734,-1.317849,manzana_golden
-12.698413,-1.055172,manzana_golden
-12.852364,-0.901276,manzana_golden
-12.69865,-0.734402,manzana_golden
-12.445063,-0.709499,manzana_golden
-12.590904,-1.020339,manzana_golden
-12.563831,-1.043936,manzana_golden
-12.526012,-1.416248,manzana_golden
-12.503183,-1.853967,manzana_golden
-12.521061,-1.666338,manzana_golden
-12.435361,-1.124562,manzana_golden
-12.356818,-1.128057,manzana_golden
-12.234902,-1.101627,manzana_golden
-11.380034,-0.754321,manzana_golden
-11.94628,-0.732892,manzana_golden
-7.777024,-2.622661,manzana_golden
-7.993593,-3.169276,manzana_golden
-8.120706,-3.375278,manzana_golden
-8.34824,-3.67473,manzana_golden
-8.411414,-3.662614,manzana_golden
-8.60791,-3.837556,manzana_golden
-8.516703,-3.580349,manzana_golden
-8.475005,-3.739719,manzana_golden
-8.528823,-3.561411,manzana_golden
-9.557773,-1.475081,manzana_golden
-8.56055,-3.213325,manzana_golden
-8.495681,-2.641364,manzana_golden
-8.23481,-1.879593,manzana_golden
-8.28255,-1.386113,manzana_golden
-8.386406,-0.688769,manzana_golden
-8.309105,-1.327702,manzana_golden
-8.824471,-1.429147,manzana_golden
-9.330884,-1.309298,manzana_golden
-10.045782,-1.866333,manzana_golden
-12.098293,-3.23542,manzana_golden
-12.400111,-2.767192,manzana_golden
-12.372747,-2.547008,manzana_golden
-12.487309,-1.50386,manzana_golden
-12.512384,-1.047212,manzana_golden
-11.683607,-0.401821,manzana_golden
-11.32624,-0.325131,manzana_golden
-11.24707,-0.358293,manzana_golden
-11.001456,-0.47243,manzana_golden
-10.238543,-0.744539,manzana_golden
-10.141482,-0.823381,manzana_golden
-9.594629,-1.492497,manzana_golden
-9.207776,-1.670041,manzana_golden
-9.132514,-1.708404,manzana_golden
-8.934568,-1.395549,manzana_golden
-8.838408,-0.978556,manzana_golden
-8.983916,-1.011206,manzana_golden
-9.013919,-1.077327,manzana_golden
-10.645995,-1.45421,manzana_golden
-8.688237,-0.872538,manzana_golden
-8.69906,-0.896823,manzana_golden
-9.170485,-1.271493,manzana_golden
-8.809729,-1.036797,manzana_golden
-6.363308,4.012376,manzana_golden
-6.023585,2.625452,manzana_golden
-6.026102,2.649094,manzana_golden
-6.174636,2.691714,manzana_golden
-6.381716,2.765843,manzana_golden
-6.290617,3.185157,manzana_golden
-6.24267,3.380479,manzana_golden
-6.353888,3.326255,manzana_golden
-6.332508,3.397997,manzana_golden
-5.382776,4.545696,manzana_golden
-6.061771,4.338071,manzana_golden
-6.062317,4.084339,manzana_golden
-5.397912,4.568745,manzana_golden
-6.098513,3.691505,manzana_golden
-6.298162,3.392058,manzana_golden
-6.217149,3.34486,manzana_golden
-6.222437,3.350239,manzana_golden
-6.872489,2.609841,manzana_golden
-5.208629,4.645844,manzana_golden
-7.969456,1.989459,manzana_golden
-4.958912,4.637896,manzana_golden
-8.838073,2.207738,manzana_golden
-8.997814,2.40934,manzana_golden
-9.038366,2.479382,manzana_golden
-9.037562,2.688926,manzana_golden
-8.269057,3.9421,manzana_golden
-8.153763,4.047691,manzana_golden
-7.264956,4.191929,manzana_golden
-7.087444,4.337934,manzana_golden
-7.12875,4.175923,manzana_golden
-4.697775,4.399721,manzana_golden
-6.795069,3.776585,manzana_golden
-6.779057,3.612067,manzana_golden
-6.786412,3.57959,manzana_golden
-6.791712,3.686133,manzana_golden
-5.944622,2.564097,manzana_golden
-6.077231,2.479506,manzana_golden
-5.852238,2.249566,manzana_golden
-6.155243,2.169911,manzana_golden
-6.61965,2.264293,manzana_golden
-4.074347,2.868763,manzana_golden
-7.124247,3.808271,manzana_golden
-7.390905,4.113036,manzana_golden
-6.746611,5.874806,manzana_golden
-3.891681,5.299524,manzana_golden
-3.749479,3.647388,manzana_golden
-3.803173,3.264964,manzana_golden
-3.943298,2.581428,manzana_golden
-4.267779,2.07241,manzana_golden
-4.411853,1.125278,manzana_golden
-6.3604,1.731367,manzana_golden
-6.313197,2.242869,manzana_golden
-6.3232,2.475217,manzana_golden
-5.701347,3.279385,manzana_golden
-5.721831,3.407365,manzana_golden
-4.377,1.791943,manzana_golden
-5.226801,3.883848,manzana_golden
-4.787355,3.664738,manzana_golden
-4.692784,3.194309,manzana_golden
-4.626239,3.035174,manzana_golden
-4.663632,3.076326,manzana_golden
-4.473716,1.745952,manzana_golden
-4.661398,2.745471,manzana_golden
-4.847684,5.384886,manzana_golden
-4.688291,5.449131,manzana_golden
-4.52236,5.186612,manzana_golden
-4.415714,4.688851,manzana_golden
-4.467571,4.548449,manzana_golden
-6.368158,3.804768,manzana_granny_smith
-6.634302,3.732021,manzana_granny_smith
-6.608549,3.815669,manzana_granny_smith
-4.881418,5.000636,manzana_granny_smith
-4.943875,4.885353,manzana_granny_smith
-4.914265,5.054315,manzana_granny_smith
-6.558681,3.712473,manzana_granny_smith
-4.472628,5.030029,manzana_granny_smith
-4.924709,4.969466,manzana_granny_smith
-4.744229,4.928515,manzana_granny_smith
-4.646412,4.888159,manzana_granny_smith
-4.416684,4.956905,manzana_granny_smith
-4.318609,4.933085,manzana_granny_smith
-6.313291,3.910488,manzana_granny_smith
-4.647923,4.687828,manzana_granny_smith
-4.592685,4.714188,manzana_granny_smith
-4.541891,4.710541,manzana_granny_smith
-4.709147,4.508307,manzana_granny_smith
-4.69108,4.493954,manzana_granny_smith
-4.346629,4.517931,manzana_granny_smith
-4.837021,4.399745,manzana_granny_smith
-4.804667,4.387515,manzana_granny_smith
-6.513864,3.839143,manzana_granny_smith
-5.065721,4.383327,manzana_granny_smith
-4.785462,4.483365,manzana_granny_smith
-4.910679,4.457777,manzana_granny_smith
-4.737154,4.465539,manzana_granny_smith
-5.170498,4.41307,manzana_granny_smith
-6.267258,4.020482,manzana_granny_smith
-4.914792,4.535161,manzana_granny_smith
-5.194905,4.536646,manzana_granny_smith
-5.157416,4.563723,manzana_granny_smith
-5.116107,4.657455,manzana_granny_smith
-5.01853,4.545534,manzana_granny_smith
-5.011872,4.717798,manzana_granny_smith
-6.250343,4.073489,manzana_granny_smith
-5.397608,4.749986,manzana_granny_smith
-5.130903,4.899057,manzana_granny_smith
-5.306311,4.835247,manzana_granny_smith
-2.17534,4.923424,manzana_granny_smith
-2.157584,4.827992,manzana_granny_smith
-2.051776,4.797376,manzana_granny_smith
-1.95055,3.950225,manzana_granny_smith
-2.007294,3.781379,manzana_granny_smith
-2.000857,3.590162,manzana_granny_smith
-2.021041,3.453132,manzana_granny_smith
-2.183033,3.094207,manzana_granny_smith
-2.196815,3.058862,manzana_granny_smith
-2.441758,2.942832,manzana_granny_smith
-2.530999,2.902441,manzana_granny_smith
-2.625909,2.915682,manzana_granny_smith
-2.90854,2.799504,manzana_granny_smith
-3.04628,2.905314,manzana_granny_smith
-3.722955,3.247058,manzana_granny_smith
-2.070414,4.792475,manzana_granny_smith
-3.76719,3.309947,manzana_granny_smith
-3.849178,3.488755,manzana_granny_smith
-3.862591,3.625511,manzana_granny_smith
-3.793384,3.874574,manzana_granny_smith
-3.549978,4.105638,manzana_granny_smith
-3.30207,4.24147,manzana_granny_smith
-3.020353,4.420498,manzana_granny_smith
-2.951089,4.450315,manzana_granny_smith
-2.928888,4.435143,manzana_granny_smith
-2.892365,4.473518,manzana_granny_smith
-2.804653,4.468106,manzana_granny_smith
-2.810365,4.463313,manzana_granny_smith
-2.776687,4.46572,manzana_granny_smith
-2.663663,4.518328,manzana_granny_smith
-1.664285,4.660512,manzana_granny_smith
-2.622956,4.515355,manzana_granny_smith
-2.775198,4.483638,manzana_granny_smith
-2.834944,4.332756,manzana_granny_smith
-2.898966,4.299511,manzana_granny_smith
-2.920318,4.311348,manzana_granny_smith
-2.902088,4.1988,manzana_granny_smith
-6.276367,3.748555,manzana_granny_smith
-5.353031,4.874646,manzana_granny_smith
-5.205572,4.938614,manzana_granny_smith
-5.129307,4.938931,manzana_granny_smith
-6.18848,4.171909,manzana_granny_smith
-5.241787,4.849316,manzana_granny_smith
-5.225765,4.800954,manzana_granny_smith
-5.167425,4.795584,manzana_granny_smith
-5.27122,4.665205,manzana_granny_smith
-5.028958,4.801135,manzana_granny_smith
-5.196968,4.646283,manzana_granny_smith
-5.120397,4.692406,manzana_granny_smith
-5.01181,4.696535,manzana_granny_smith
-5.047102,4.663953,manzana_granny_smith
-5.067834,4.611083,manzana_granny_smith
-6.091424,4.210809,manzana_granny_smith
-5.075802,4.648841,manzana_granny_smith
-5.193543,4.598852,manzana_granny_smith
-5.245239,4.597985,manzana_granny_smith
-5.421374,4.606175,manzana_granny_smith
-5.175259,4.602168,manzana_granny_smith
-5.214777,4.571145,manzana_granny_smith
-5.537578,4.599016,manzana_granny_smith
-6.104973,4.242556,manzana_granny_smith
-5.470311,4.472719,manzana_granny_smith
-5.81702,4.404864,manzana_granny_smith
-5.845851,4.389115,manzana_granny_smith
-5.783514,4.44966,manzana_granny_smith
-5.872076,4.336108,manzana_granny_smith
-5.958152,4.264204,manzana_granny_smith
-5.949464,4.262467,manzana_granny_smith
-5.758602,4.358285,manzana_granny_smith
-5.968259,4.155955,manzana_granny_smith
-5.748085,4.30596,manzana_granny_smith
-5.957719,4.098826,manzana_granny_smith
-5.98786,4.29997,manzana_granny_smith
-5.743455,4.220204,manzana_granny_smith
-5.906797,4.05759,manzana_granny_smith
-5.710553,4.157181,manzana_granny_smith
-5.950169,4.026121,manzana_granny_smith
-5.893334,3.959298,manzana_granny_smith
-5.945307,3.910187,manzana_granny_smith
-5.841421,3.945704,manzana_granny_smith
-5.87234,3.942624,manzana_granny_smith
-5.842334,4.009515,manzana_granny_smith
-6.549346,4.230373,manzana_granny_smith
-5.791666,4.3894,manzana_granny_smith
-6.538338,4.364718,manzana_granny_smith
-6.531426,4.49309,manzana_granny_smith
-5.555792,5.078349,manzana_granny_smith
-5.675246,5.433706,manzana_granny_smith
-5.587769,5.567442,manzana_granny_smith
-5.527609,5.66102,manzana_granny_smith
-5.078747,5.449017,manzana_granny_smith
-4.649847,5.599405,manzana_granny_smith
-4.812843,6.221593,manzana_granny_smith
-4.709925,6.314373,manzana_granny_smith
-4.630901,6.338133,manzana_granny_smith
-4.131714,6.447136,manzana_granny_smith
-4.098338,6.43138,manzana_granny_smith
-5.735628,4.519744,manzana_granny_smith
-3.903969,6.422131,manzana_granny_smith
-3.858834,6.410696,manzana_granny_smith
-3.789471,6.423282,manzana_granny_smith
-3.755811,6.383161,manzana_granny_smith
-3.672959,6.34638,manzana_granny_smith
-4.21327,6.085887,manzana_granny_smith
-3.162831,6.163852,manzana_granny_smith
-3.096788,6.09404,manzana_granny_smith
-3.724276,6.044246,manzana_granny_smith
-3.432306,5.657372,manzana_granny_smith
-2.194768,4.973873,manzana_granny_smith
-2.365873,4.880259,manzana_granny_smith
-2.048268,5.301156,manzana_granny_smith
-2.314704,4.661001,manzana_granny_smith
-5.539789,4.643765,manzana_granny_smith
-2.177453,4.42014,manzana_granny_smith
-2.227851,4.375403,manzana_granny_smith
-2.625185,4.393441,manzana_granny_smith
-2.398802,4.287388,manzana_granny_smith
-2.552472,4.27573,manzana_granny_smith
-2.737054,4.258586,manzana_granny_smith
-2.577619,4.110481,manzana_granny_smith
-2.882338,3.939271,manzana_granny_smith
-2.879026,4.06737,manzana_granny_smith
-2.964465,4.039328,manzana_granny_smith
-2.910527,3.866977,manzana_granny_smith
-3.627349,3.512343,manzana_granny_smith
-3.751075,3.422784,manzana_granny_smith
-5.366819,4.772491,manzana_granny_smith
-4.339216,3.176198,manzana_granny_smith
-4.431094,3.145296,manzana_granny_smith
-4.50945,3.138594,manzana_granny_smith
-5.11693,2.883187,manzana_granny_smith
-5.157349,3.010887,manzana_granny_smith
-5.586076,2.876723,manzana_granny_smith
-5.135547,4.843285,manzana_granny_smith
-5.856361,2.839238,manzana_granny_smith
-5.716806,2.921754,manzana_granny_smith
-5.675533,2.872481,manzana_granny_smith
-6.057838,3.101973,manzana_granny_smith
-6.339427,3.025315,manzana_granny_smith
-6.036275,3.349092,manzana_granny_smith
-6.092664,3.369451,manzana_granny_smith
-6.253247,3.6019,manzana_granny_smith
-2.926484,4.170432,manzana_granny_smith
-3.124913,4.247171,manzana_granny_smith
-2.950287,4.043594,manzana_granny_smith
-2.899702,3.989594,manzana_granny_smith
-2.951258,4.196596,manzana_granny_smith
-3.070077,4.075028,manzana_granny_smith
-1.437294,4.483887,manzana_granny_smith
-3.188582,3.889279,manzana_granny_smith
-2.969033,3.710696,manzana_granny_smith
-2.741749,4.620484,manzana_granny_smith
-2.937424,4.689894,manzana_granny_smith
-3.6349,4.343292,manzana_granny_smith
-3.80424,4.261351,manzana_granny_smith
-4.246062,3.916164,manzana_granny_smith
-4.223153,3.06084,manzana_granny_smith
-4.42428,2.907455,manzana_granny_smith
-4.740305,3.516097,manzana_granny_smith
-4.572743,2.94598,manzana_granny_smith
-4.945611,3.50035,manzana_granny_smith
-4.766271,3.693007,manzana_granny_smith
-4.641947,4.176326,manzana_granny_smith
-4.735883,3.180302,manzana_granny_smith
-4.696796,3.489499,manzana_granny_smith
-4.662643,3.518736,manzana_granny_smith
-4.54773,4.076686,manzana_granny_smith
-4.946409,4.564192,manzana_granny_smith
-4.696146,4.894292,manzana_granny_smith
-4.550693,5.083603,manzana_granny_smith
-4.364246,5.255324,manzana_granny_smith
-4.375372,5.239253,manzana_granny_smith
-1.607584,5.072322,manzana_granny_smith
-4.293569,5.196933,manzana_granny_smith
-4.210444,5.106219,manzana_granny_smith
-3.935085,5.212526,manzana_granny_smith
-3.913426,5.131105,manzana_granny_smith
-3.787286,4.947962,manzana_granny_smith
-3.712857,4.733577,manzana_granny_smith
-3.649301,4.680465,manzana_granny_smith
-1.82242,5.212355,manzana_granny_smith
-3.411532,4.68305,manzana_granny_smith
-3.351095,4.600185,manzana_granny_smith
-3.492843,4.130258,manzana_granny_smith
-3.022944,4.062947,manzana_granny_smith
-3.224305,4.036742,manzana_granny_smith
-3.174205,3.905179,manzana_granny_smith
-2.87662,3.678102,manzana_granny_smith
-2.867033,3.440791,manzana_granny_smith
-2.888649,3.381688,manzana_granny_smith
-2.707731,3.151305,manzana_granny_smith
-2.696365,3.179691,manzana_granny_smith
-2.500694,3.125671,manzana_granny_smith
-2.719845,3.294405,manzana_granny_smith
-2.552446,3.193374,manzana_granny_smith
-2.614485,3.292734,manzana_granny_smith
-1.980217,5.601375,manzana_granny_smith
-2.844578,3.652925,manzana_granny_smith
-2.89625,3.718496,manzana_granny_smith
-2.867486,3.781091,manzana_granny_smith
-2.916218,3.838486,manzana_granny_smith
-2.937479,3.933258,manzana_granny_smith
-2.95746,3.985873,manzana_granny_smith
-2.74404,4.089608,manzana_granny_smith
-2.906524,4.383621,manzana_granny_smith
-2.886623,4.458575,manzana_granny_smith
-2.953438,4.473547,manzana_granny_smith
-2.173186,5.574843,manzana_granny_smith
-2.922108,4.492515,manzana_granny_smith
-2.858918,4.515122,manzana_granny_smith
-3.147022,4.245814,manzana_granny_smith
-2.052792,5.435848,manzana_granny_smith
-3.302923,3.997558,manzana_granny_smith
-3.309082,3.958985,manzana_granny_smith
-3.330948,3.897828,manzana_granny_smith
-2.080046,5.179306,manzana_granny_smith
-3.522455,3.740189,manzana_granny_smith
-3.510867,3.740687,manzana_granny_smith
-3.579192,3.713369,manzana_granny_smith
-3.621109,3.68328,manzana_granny_smith
-3.643606,3.683347,manzana_granny_smith
-3.713128,3.675134,manzana_granny_smith
-3.722838,3.670356,manzana_granny_smith
-2.005193,5.065045,manzana_granny_smith
-3.890743,3.649602,manzana_granny_smith
-4.113604,3.566806,manzana_granny_smith
-3.938404,3.611555,manzana_granny_smith
-4.095283,3.665407,manzana_granny_smith
-4.24445,3.606053,manzana_granny_smith
-4.209456,3.732691,manzana_granny_smith
-1.953111,4.848583,manzana_granny_smith
-4.308301,3.759973,manzana_granny_smith
-4.47964,3.429055,manzana_granny_smith
-4.471316,3.411444,manzana_granny_smith
-4.484747,3.363887,manzana_granny_smith
-1.894322,4.697161,manzana_granny_smith
-4.500547,3.332419,manzana_granny_smith
-4.589944,3.490304,manzana_granny_smith
-4.793589,3.707405,manzana_granny_smith
-4.637152,3.361707,manzana_granny_smith
-5.116539,3.34289,manzana_granny_smith
-4.615957,3.097286,manzana_granny_smith
-1.852726,4.542181,manzana_granny_smith
-4.628823,2.982809,manzana_granny_smith
-5.331887,2.987992,manzana_granny_smith
-5.928008,2.601145,manzana_granny_smith
-5.880206,2.761997,manzana_granny_smith
-5.54519,3.572278,manzana_granny_smith
-2.284477,4.918773,manzana_granny_smith
-5.879756,3.683203,manzana_granny_smith
-4.019242,3.477983,manzana_granny_smith
-3.87715,3.665236,manzana_granny_smith
-3.83383,3.843285,manzana_granny_smith
-3.588097,4.086237,manzana_granny_smith
-1.892047,4.185946,manzana_granny_smith
-3.337497,4.408597,manzana_granny_smith
-4.645382,6.336605,manzana_granny_smith
-2.662502,4.825702,manzana_granny_smith
-2.528641,4.887595,manzana_granny_smith
-1.968879,4.119139,manzana_granny_smith
-2.579871,4.815594,manzana_granny_smith
7.355485,1.910208,manzana_red_delicious
7.285379,1.934011,manzana_red_delicious
7.615621,2.361431,manzana_red_delicious
7.478603,2.230413,manzana_red_delicious
7.293439,1.909375,manzana_red_delicious
7.572248,2.491116,manzana_red_delicious
7.040209,2.915472,manzana_red_delicious
7.360948,2.376137,manzana_red_delicious
6.575935,2.846764,manzana_red_delicious
6.915074,2.10676,manzana_red_delicious
6.792967,2.070007,manzana_red_delicious
7.725328,0.698777,manzana_red_delicious
7.334619,1.93222,manzana_red_delicious
6.961686,2.661558,manzana_red_delicious
6.989963,2.681175,manzana_red_delicious
7.161856,2.52422,manzana_red_delicious
7.549925,1.931328,manzana_red_delicious
7.163373,1.679982,manzana_red_delicious
7.257601,1.671101,manzana_red_delicious
8.548134,1.30582,manzana_red_delicious
8.535556,1.324978,manzana_red_delicious
8.390299,1.47241,manzana_red_delicious
8.345498,1.518471,manzana_red_delicious
7.607883,2.16035,manzana_red_delicious
7.601961,2.129579,manzana_red_delicious
7.565366,2.079534,manzana_red_delicious
7.59485,1.886006,manzana_red_delicious
7.419612,1.87289,manzana_red_delicious
8.264734,1.522071,manzana_red_delicious
7.532365,2.112716,manzana_red_delicious
7.832684,1.847044,manzana_red_delicious
7.518767,2.097868,manzana_red_delicious
7.87176,1.137816,manzana_red_delicious
8.023692,1.023003,manzana_red_delicious
6.630903,2.607659,manzana_red_delicious
6.702253,2.404583,manzana_red_delicious
6.694118,2.473803,manzana_red_delicious
6.990416,2.590827,manzana_red_delicious
7.009138,2.330544,manzana_red_delicious
7.469154,2.301552,manzana_red_delicious
7.666193,2.403971,manzana_red_delicious
8.123248,1.155226,manzana_red_delicious
7.992888,2.429655,manzana_red_delicious
8.084044,2.364863,manzana_red_delicious
8.232238,2.129695,manzana_red_delicious
8.262173,2.173943,manzana_red_delicious
8.121392,2.103644,manzana_red_delicious
8.139386,2.088918,manzana_red_delicious
8.048341,2.118944,manzana_red_delicious
8.028662,2.248529,manzana_red_delicious
8.054484,2.101787,manzana_red_delicious
8.006195,1.874725,manzana_red_delicious
7.993589,1.84137,manzana_red_delicious
7.977219,1.800637,manzana_red_delicious
7.917296,1.522425,manzana_red_delicious
7.92214,1.497191,manzana_red_delicious
8.458003,2.588,manzana_red_delicious
8.650695,2.217812,manzana_red_delicious
8.604213,2.436069,manzana_red_delicious
8.723473,2.482877,manzana_red_delicious
8.776322,2.409867,manzana_red_delicious
8.670248,2.233034,manzana_red_delicious
8.741935,2.198193,manzana_red_delicious
8.807312,2.042111,manzana_red_delicious
8.477036,2.253189,manzana_red_delicious
8.405675,2.255853,manzana_red_delicious
8.225299,2.302837,manzana_red_delicious
8.107807,2.344555,manzana_red_delicious
7.537956,2.524609,manzana_red_delicious
7.767088,1.191837,manzana_red_delicious
7.912993,1.121266,manzana_red_delicious
7.986825,1.016142,manzana_red_delicious
8.105911,2.258903,manzana_red_delicious
8.08207,1.24433,manzana_red_delicious
8.111396,1.198568,manzana_red_delicious
8.123335,1.139305,manzana_red_delicious
7.951934,2.142179,manzana_red_delicious
7.871828,2.202261,manzana_red_delicious
7.560617,2.582815,manzana_red_delicious
7.587859,2.479042,manzana_red_delicious
7.895396,2.263239,manzana_red_delicious
7.736546,2.497694,manzana_red_delicious
7.478997,2.67132,manzana_red_delicious
7.362006,1.942914,manzana_red_delicious
7.366638,2.661678,manzana_red_delicious
7.092719,2.796803,manzana_red_delicious
7.1785,2.690418,manzana_red_delicious
7.448863,2.56817,manzana_red_delicious
7.568398,2.462685,manzana_red_delicious
7.793672,2.385279,manzana_red_delicious
7.870357,2.242264,manzana_red_delicious
7.662847,2.499811,manzana_red_delicious
7.666833,2.443439,manzana_red_delicious
7.590767,2.34062,manzana_red_delicious
7.327506,2.114951,manzana_red_delicious
7.055609,2.181112,manzana_red_delicious
6.929509,2.226887,manzana_red_delicious
6.656392,2.41361,manzana_red_delicious
6.542515,2.482751,manzana_red_delicious
6.36945,2.654472,manzana_red_delicious
6.168114,2.885366,manzana_red_delicious
6.144839,2.998107,manzana_red_delicious
6.203335,3.016453,manzana_red_delicious
6.286966,2.996583,manzana_red_delicious
6.576474,2.904074,manzana_red_delicious
6.926459,2.798438,manzana_red_delicious
7.104711,2.728652,manzana_red_delicious
6.198598,2.66057,manzana_red_delicious
6.010878,2.607981,manzana_red_delicious
5.788979,2.639561,manzana_red_delicious
5.560646,2.586129,manzana_red_delicious
5.45376,2.650105,manzana_red_delicious
5.378179,2.640769,manzana_red_delicious
5.220861,2.670514,manzana_red_delicious
5.557491,2.249115,manzana_red_delicious
6.852846,2.060682,manzana_red_delicious
5.626361,2.032425,manzana_red_delicious
5.665005,1.958744,manzana_red_delicious
5.766174,1.69329,manzana_red_delicious
5.687462,1.51218,manzana_red_delicious
5.436849,1.665892,manzana_red_delicious
6.751657,2.101565,manzana_red_delicious
5.360673,1.842154,manzana_red_delicious
5.04892,2.25713,manzana_red_delicious
5.667353,1.884697,manzana_red_delicious
5.546408,2.479967,manzana_red_delicious
5.986723,2.492105,manzana_red_delicious
7.27523,1.321606,manzana_red_delicious
7.131421,1.621431,manzana_red_delicious
7.504188,1.783487,manzana_red_delicious
7.392281,1.779732,manzana_red_delicious
7.365145,1.553549,manzana_red_delicious
7.073675,1.637084,manzana_red_delicious
7.1509,1.705168,manzana_red_delicious
6.914851,1.581521,manzana_red_delicious
6.773549,1.666791,manzana_red_delicious
6.703093,1.701488,manzana_red_delicious
6.371385,1.894764,manzana_red_delicious
6.386954,1.88504,manzana_red_delicious
6.433058,2.044907,manzana_red_delicious
6.442674,2.117145,manzana_red_delicious
6.528921,2.055054,manzana_red_delicious
6.627951,2.066007,manzana_red_delicious
6.781022,1.719279,manzana_red_delicious
7.463397,1.347293,manzana_red_delicious
7.329827,1.558399,manzana_red_delicious
7.365289,1.42436,manzana_red_delicious
7.695602,1.387213,manzana_red_delicious
7.769405,1.402841,manzana_red_delicious
7.940289,1.406936,manzana_red_delicious
8.087014,1.635349,manzana_red_delicious
8.17686,1.625365,manzana_red_delicious
8.291346,1.612579,manzana_red_delicious
6.913689,2.189662,manzana_red_delicious
7.604124,0.943516,manzana_red_delicious
7.049233,1.962918,manzana_red_delicious
7.604729,0.785446,manzana_red_delicious
7.519416,0.861603,manzana_red_delicious
7.215101,1.845604,manzana_red_delicious
6.946266,2.241933,manzana_red_delicious
7.478579,1.687872,manzana_red_delicious
7.540339,1.689239,manzana_red_delicious
7.586491,1.672888,manzana_red_delicious
7.644701,1.609613,manzana_red_delicious
7.717547,1.563441,manzana_red_delicious
7.815701,1.559302,manzana_red_delicious
7.885205,1.554276,manzana_red_delicious
7.834792,1.915231,manzana_red_delicious
7.901498,1.927345,manzana_red_delicious
8.095767,1.817317,manzana_red_delicious
8.010251,2.033137,manzana_red_delicious
8.077954,1.942516,manzana_red_delicious
7.868409,2.174822,manzana_red_delicious
7.868017,2.044479,manzana_red_delicious
7.865548,2.003755,manzana_red_delicious
7.882822,1.77721,manzana_red_delicious
7.720946,1.992534,manzana_red_delicious
7.791331,1.782883,manzana_red_delicious
7.850794,1.659529,manzana_red_delicious
7.956566,1.204122,manzana_red_delicious
7.985513,1.158698,manzana_red_delicious
7.85362,1.518579,manzana_red_delicious
7.930741,1.56949,manzana_red_delicious
7.807633,1.942905,manzana_red_delicious
7.826009,1.945365,manzana_red_delicious
7.766997,2.205242,manzana_red_delicious
7.801604,2.209687,manzana_red_delicious
7.852405,2.177574,manzana_red_delicious
7.919582,2.126364,manzana_red_delicious
7.276121,2.204574,manzana_red_delicious
1.705736,1.549802,manzana_red_delicious
1.77192,1.639035,manzana_red_delicious
2.057882,1.877151,manzana_red_delicious
2.190652,1.932663,manzana_red_delicious
2.321316,1.995693,manzana_red_delicious
2.801385,2.234682,manzana_red_delicious
3.073458,2.346887,manzana_red_delicious
4.615517,2.561813,manzana_red_delicious
4.900681,2.341491,manzana_red_delicious
5.043746,2.496723,manzana_red_delicious
5.401495,2.807917,manzana_red_delicious
5.609632,3.029835,manzana_red_delicious
5.942846,2.98967,manzana_red_delicious
6.148811,2.806772,manzana_red_delicious
6.222213,2.835496,manzana_red_delicious
6.314137,2.904505,manzana_red_delicious
6.508057,2.784947,manzana_red_delicious
6.581332,2.828589,manzana_red_delicious
6.551753,2.576755,manzana_red_delicious
8.03684,2.113519,manzana_red_delicious
7.874725,1.424786,manzana_red_delicious
7.83758,1.364781,manzana_red_delicious
7.560074,1.331037,manzana_red_delicious
7.214961,1.091966,manzana_red_delicious
7.116805,1.005772,manzana_red_delicious
6.806656,0.858984,manzana_red_delicious
6.691835,0.800072,manzana_red_delicious
7.890356,2.168744,manzana_red_delicious
6.490946,0.834133,manzana_red_delicious
6.36202,0.952832,manzana_red_delicious
7.003589,0.71929,manzana_red_delicious
7.174889,0.606551,manzana_red_delicious
7.594543,0.616832,manzana_red_delicious
7.691373,0.532436,manzana_red_delicious
7.857201,0.639448,manzana_red_delicious
7.768062,0.750392,manzana_red_delicious
7.902585,0.642163,manzana_red_delicious
7.862348,0.601914,manzana_red_delicious
7.797918,1.059165,manzana_red_delicious
7.85068,1.28288,manzana_red_delicious
7.79786,1.503682,manzana_red_delicious
7.718187,1.526024,manzana_red_delicious
7.639249,1.744315,manzana_red_delicious
7.55692,1.795617,manzana_red_delicious
7.609948,1.494398,manzana_red_delicious
7.503065,1.476438,manzana_red_delicious
7.769371,1.703077,manzana_red_delicious
6.942528,1.386034,manzana_red_delicious
6.639684,1.643367,manzana_red_delicious
6.521523,1.819721,manzana_red_delicious
6.31971,2.073171,manzana_red_delicious
6.269345,2.35232,manzana_red_delicious
6.273328,2.51907,manzana_red_delicious
7.667405,1.778951,manzana_red_delicious
6.924777,2.641814,manzana_red_delicious
7.054123,2.680031,manzana_red_delicious
7.444544,2.791468,manzana_red_delicious
7.368251,3.139246,manzana_red_delicious
7.514071,2.027702,manzana_red_delicious
7.74519,3.097498,manzana_red_delicious
7.972804,3.074241,manzana_red_delicious
7.897672,3.13579,manzana_red_delicious
7.41367,2.113251,manzana_red_delicious
8.225791,2.923976,manzana_red_delicious
8.12188,2.933026,manzana_red_delicious
8.397257,2.589827,manzana_red_delicious
7.423373,2.526683,manzana_red_delicious
7.312389,2.557901,manzana_red_delicious
8.070488,2.586774,manzana_red_delicious
7.91535,2.608966,manzana_red_delicious
7.469431,2.66139,manzana_red_delicious
7.345316,2.700765,manzana_red_delicious
7.500799,2.040874,manzana_red_delicious
7.232284,2.18786,manzana_red_delicious
7.223026,2.140437,manzana_red_delicious
7.347315,1.998015,manzana_red_delicious
7.058338,2.652246,manzana_red_delicious
6.87367,2.682384,manzana_red_delicious
7.046769,2.659016,manzana_red_delicious
6.974588,2.613056,manzana_red_delicious
6.923642,2.612355,manzana_red_delicious
6.977557,2.260986,manzana_red_delicious
6.926688,2.16258,manzana_red_delicious
6.953039,1.931924,manzana_red_delicious
6.901897,1.626038,manzana_red_delicious
6.987222,1.363587,manzana_red_delicious
6.93102,0.984666,manzana_red_delicious
6.58329,0.863902,manzana_red_delicious
7.6232,2.527576,manzana_red_delicious
5.89627,0.22589,manzana_red_delicious
5.744274,0.170777,manzana_red_delicious
5.568499,0.097607,manzana_red_delicious
5.365603,0.014732,manzana_red_delicious
5.201594,0.011016,manzana_red_delicious
4.389934,0.024012,manzana_red_delicious
4.002534,0.063101,manzana_red_delicious
3.812831,0.058436,manzana_red_delicious
3.49295,0.043773,manzana_red_delicious
3.331736,0.064525,manzana_red_delicious
3.187975,0.102837,manzana_red_delicious
2.963755,0.107641,manzana_red_delicious
7.641263,2.516219,manzana_red_delicious
2.239128,0.520371,manzana_red_delicious
2.145443,0.536234,manzana_red_delicious
1.756234,0.775104,manzana_red_delicious
1.703508,0.841315,manzana_red_delicious
1.643918,0.802641,manzana_red_delicious
1.492592,1.190306,manzana_red_delicious
1.508299,1.272737,manzana_red_delicious
1.584498,1.404059,manzana_red_delicious
1.390158,4.391954,naranja
1.221233,4.372161,naranja
1.154258,4.234642,naranja
1.209766,4.097941,naranja
0.582246,3.509146,naranja
0.356343,3.582871,naranja
1.450612,4.423558,naranja
0.340837,3.59068,naranja
1.430206,4.450536,naranja
1.367037,4.42437,naranja
1.426908,4.517937,naranja
1.822773,4.361858,naranja
1.738022,4.384114,naranja
1.889482,4.664413,naranja
4.265785,0.292279,naranja
4.28149,0.270568,naranja
4.544062,0.209197,naranja
4.414525,0.770636,naranja
5.042315,0.109236,naranja
4.458987,0.649187,naranja
5.202803,0.161605,naranja
4.922408,0.252208,naranja
5.207571,0.857058,naranja
5.927646,1.010685,naranja
5.216602,0.734082,naranja
6.099032,0.238633,naranja
5.496062,1.097867,naranja
3.868806,0.46376,naranja
5.241674,1.121712,naranja
5.216401,1.083403,naranja
5.315027,0.937141,naranja
6.251069,1.728383,naranja
5.432168,1.354909,naranja
5.410463,1.260564,naranja
5.430175,1.150453,naranja
5.49503,2.048704,naranja
5.487892,4.212319,naranja
6.514811,3.88013,naranja
6.973883,3.639907,naranja
3.766688,3.649522,naranja
3.724606,3.825498,naranja
6.095662,2.918741,naranja
3.870189,4.313766,naranja
4.057002,3.159241,naranja
4.774233,2.753951,naranja
4.66254,2.165147,naranja
5.901589,1.963769,naranja
4.681967,2.53194,naranja
5.266945,2.809302,naranja
5.139958,2.852913,naranja
6.176928,2.461994,naranja
5.054527,2.466217,naranja
4.664335,3.154066,naranja
7.179601,3.542764,naranja
6.504083,3.266074,naranja
5.352346,4.580303,naranja
5.852892,4.60197,naranja
9.104102,0.486888,naranja
8.241369,-0.007576,naranja
8.110074,0.182601,naranja
8.051208,2.340856,naranja
8.043199,2.43018,naranja
8.35816,2.796076,naranja
9.37281,3.546734,naranja
9.334436,3.510472,naranja
9.563787,3.025669,naranja
9.578093,2.161788,naranja
9.353309,0.616136,naranja
9.122481,3.010045,naranja
10.303066,3.701888,naranja
9.679187,1.729855,naranja
9.456688,2.220061,naranja
8.606703,2.356952,naranja
8.473928,1.913923,naranja
8.372801,1.40684,naranja
9.147417,2.011575,naranja
0.685707,4.611031,naranja
0.79906,4.61993,naranja
1.35029,4.414863,naranja
0.889115,4.433191,naranja
0.980803,4.624239,naranja
0.954539,4.684901,naranja
1.100266,4.390601,naranja
1.101278,4.388617,naranja
1.376411,4.719326,naranja
1.272044,4.476646,naranja
1.560992,4.833334,naranja
1.536992,4.677847,naranja
1.654585,4.597959,naranja
1.705869,4.639942,naranja
1.722582,4.600277,naranja
1.735066,4.594849,naranja
1.734635,4.523097,naranja
1.424673,4.551179,naranja
1.372561,4.512854,naranja
1.345743,4.492014,naranja
1.604972,4.14123,naranja
1.58249,4.689788,naranja
1.464824,4.741035,naranja
1.480492,4.611282,naranja
1.364226,4.235551,naranja
0.618511,3.556386,naranja
0.326258,4.448706,naranja
0.310613,4.574532,naranja
0.556219,4.879477,naranja
0.918239,4.507005,naranja
1.036469,4.499485,naranja
0.878853,4.612674,naranja
0.913616,4.844706,naranja
1.051112,5.058799,naranja
1.345782,5.351254,naranja
1.814151,5.006235,naranja
1.94575,4.668106,naranja
1.755441,4.632908,naranja
4.292095,0.19539,naranja
4.260426,0.228857,naranja
4.240502,0.246457,naranja
4.246184,0.392652,naranja
4.39494,0.185933,naranja
4.352077,0.22255,naranja
4.484154,0.196268,naranja
4.582119,0.22878,naranja
4.758225,-0.105373,naranja
4.624825,-0.199051,naranja
4.55919,-0.110776,naranja
4.855379,0.075595,naranja
4.472273,-0.050075,naranja
4.401968,0.015014,naranja
4.374844,0.78834,naranja
4.445931,0.031349,naranja
4.730921,0.331286,naranja
5.055096,0.088526,naranja
6.076253,0.806321,naranja
4.99633,-0.003129,naranja
4.446796,0.642244,naranja
4.468568,0.633626,naranja
5.471896,0.40197,naranja
3.962332,0.514516,naranja
3.886533,0.558813,naranja
3.848466,0.559092,naranja
5.500818,0.180361,naranja
5.478266,0.127474,naranja
5.022281,1.374579,naranja
5.211495,0.645668,naranja
4.953802,1.489073,naranja
5.905459,1.329716,naranja
5.910313,1.04551,naranja
5.67296,0.919523,naranja
5.596646,0.923268,naranja
5.572882,0.931007,naranja
5.253025,0.681928,naranja
5.353455,0.632402,naranja
5.384921,0.616778,naranja
5.306379,0.667744,naranja
5.261396,0.384253,naranja
5.303002,-0.084391,naranja
4.923975,-0.893816,naranja
6.120394,2.478435,naranja
7.026538,2.019668,naranja
7.119877,1.83649,naranja
7.237232,1.452924,naranja
7.149887,1.390498,naranja
6.106261,0.279048,naranja
5.970006,0.236325,naranja
5.370074,0.969693,naranja
3.762992,0.427772,naranja
5.30868,1.016635,naranja
5.228294,1.229269,naranja
5.028582,1.160366,naranja
5.222833,1.09167,naranja
5.178,1.095536,naranja
5.354155,0.641003,naranja
5.530577,0.508815,naranja
3.82571,0.500266,naranja
5.680562,0.214304,naranja
5.618286,0.181863,naranja
5.492275,0.318266,naranja
5.639949,1.676391,naranja
6.673389,1.368034,naranja
6.722179,1.085383,naranja
6.7452,0.80426,naranja
6.433792,0.635618,naranja
4.852626,0.185535,naranja
4.555208,0.255013,naranja
4.007802,0.222656,naranja
4.301062,1.004674,naranja
4.493125,0.957024,naranja
4.843097,1.027937,naranja
5.096022,1.129362,naranja
5.139356,1.110419,naranja
3.828726,0.315911,naranja
5.515738,1.242886,naranja
5.238842,1.207828,naranja
3.781256,0.37669,naranja
4.906285,4.697268,naranja
5.280048,3.900535,naranja
4.732029,3.843214,naranja
5.447618,3.100149,naranja
4.644787,4.137662,naranja
5.590363,3.875158,naranja
6.260881,2.850268,naranja
5.945902,1.921672,naranja
4.315928,3.06391,naranja
4.576784,3.302285,naranja
4.326984,4.576371,naranja
5.308286,4.385648,naranja
5.591195,4.19394,naranja
4.102779,3.297911,naranja
4.08519,3.452208,naranja
3.692861,3.909382,naranja
3.677466,3.915467,naranja
3.727915,4.00795,naranja
3.71787,4.443909,naranja
4.521531,2.381343,naranja
4.003129,2.816895,naranja
4.021325,3.16219,naranja
4.194348,3.177252,naranja
4.351086,3.121407,naranja
4.427291,2.85536,naranja
4.437855,2.678101,naranja
4.5842,2.309929,naranja
4.52775,2.277548,naranja
5.610226,1.98388,naranja
5.521333,2.258223,naranja
5.243764,2.113723,naranja
4.85874,2.391868,naranja
4.873841,2.420159,naranja
4.943272,2.443853,naranja
5.045885,2.566347,naranja
4.989838,2.735667,naranja
4.894407,2.605326,naranja
6.746844,2.742346,naranja
6.537646,2.631724,naranja
4.971494,2.472263,naranja
4.355668,3.708397,naranja
5.566176,4.193362,naranja
5.645757,4.184857,naranja
6.867959,3.239944,naranja
5.978959,3.406527,naranja
6.163199,3.373509,naranja
6.380527,2.113348,naranja
6.031922,1.029507,naranja
5.571999,0.856214,naranja
7.997336,3.566086,naranja
9.480332,3.928663,naranja
8.691371,-0.11244,naranja
8.576237,-0.290715,naranja
8.347125,-0.161105,naranja
8.308364,-0.130608,naranja
9.538298,4.012201,naranja
7.85741,1.76987,naranja
8.032732,2.586768,naranja
8.091928,2.791993,naranja
9.597073,3.942876,naranja
9.023304,3.223605,naranja
8.872408,3.032005,naranja
8.902312,3.008656,naranja
8.327727,2.738393,naranja
8.100498,2.60786,naranja
7.945292,2.478304,naranja
7.945605,2.499914,naranja
9.578663,3.810891,naranja
8.171793,2.520236,naranja
8.173484,2.463506,naranja
8.440026,2.984883,naranja
8.730343,3.188973,naranja
9.563979,3.595155,naranja
9.633048,3.516861,naranja
9.782282,3.545661,naranja
9.129764,3.778429,naranja
9.535182,2.165425,naranja
9.273602,3.92798,naranja
9.320147,0.60061,naranja
9.351865,2.056319,naranja
9.504767,2.368396,naranja
9.47123,2.648997,naranja
10.652885,3.566231,naranja
10.620091,3.551585,naranja
9.112262,2.966945,naranja
10.640154,3.379415,naranja
10.566794,3.421767,naranja
10.565515,3.579084,naranja
10.445367,3.537719,naranja
10.472334,3.630493,naranja
10.011572,3.676883,naranja
10.059866,3.525693,naranja
9.709484,2.89017,naranja
9.94356,3.221289,naranja
9.508906,3.635081,naranja
9.725054,1.866738,naranja
9.672948,1.733336,naranja
10.336292,3.126314,naranja
9.848329,2.901127,naranja
9.634526,2.869833,naranja
8.536401,2.506851,naranja
9.551316,2.917465,naranja
8.486341,1.445482,naranja
8.315083,1.796234,naranja
8.504199,1.445925,naranja
9.178067,2.981686,naranja
3.54373,-3.58498,papa_roja
3.610126,-3.672295,papa_roja
3.416081,-3.428344,papa_roja
3.456226,-3.3289,papa_roja
3.465477,-3.323316,papa_roja
3.437196,-3.327924,papa_roja
3.46874,-3.332061,papa_roja
3.491338,-3.352124,papa_roja
3.485719,-3.293435,papa_roja
3.610541,-3.299893,papa_roja
3.561556,-3.277778,papa_roja
3.589006,-3.27985,papa_roja
6.550174,-2.138129,papa_roja
4.059339,-3.860102,papa_roja
4.009015,-3.804139,papa_roja
3.997163,-3.535152,papa_roja
4.000516,-3.637761,papa_roja
3.830735,-3.74432,papa_roja
3.81814,-3.559211,papa_roja
5.226568,-2.940577,papa_roja
5.037458,-3.058462,papa_roja
5.443306,-2.517883,papa_roja
5.60139,-2.838731,papa_roja
6.277704,-2.605975,papa_roja
4.078109,-3.954567,papa_roja
3.717516,-3.030157,papa_roja
5.715783,-3.507759,papa_roja
5.759336,-3.650248,papa_roja
4.159183,-4.725856,papa_roja
4.045751,-4.685013,papa_roja
3.730381,-4.455695,papa_roja
3.620518,-4.177267,papa_roja
3.491835,-4.163368,papa_roja
3.420397,-4.055792,papa_roja
2.864249,-3.763244,papa_roja
4.376112,-2.862835,papa_roja
3.72245,-3.766501,papa_roja
2.719019,-4.032382,papa_roja
2.576584,-3.681757,papa_roja
2.230391,-3.543057,papa_roja
3.628141,-3.598809,papa_roja
3.660368,-3.771145,papa_roja
3.638875,-3.657681,papa_roja
3.691195,-3.746482,papa_roja
3.85938,-3.588443,papa_roja
3.922224,-3.554503,papa_roja
3.781845,-3.455767,papa_roja
3.710716,-3.402731,papa_roja
3.577761,-3.40041,papa_roja
3.490724,-3.416677,papa_roja
3.453763,-3.272847,papa_roja
3.454275,-3.177522,papa_roja
3.777467,-3.160309,papa_roja
4.004114,-2.934717,papa_roja
6.994918,-1.392736,papa_roja
6.479352,-3.016567,papa_roja
6.619182,-3.073996,papa_roja
6.273478,-2.238036,papa_roja
6.591248,-2.022312,papa_roja
6.063822,-2.123975,papa_roja
8.62981,-1.482237,papa_roja
6.093292,-2.982257,papa_roja
5.87031,-2.903288,papa_roja
7.42256,-2.037751,papa_roja
6.896294,-2.671527,papa_roja
8.372072,-0.888417,papa_roja
8.185774,-1.322121,papa_roja
8.151323,-1.686573,papa_roja
8.125603,-2.181255,papa_roja
7.869821,-2.376425,papa_roja
7.527357,-2.553867,papa_roja
7.049691,-2.657084,papa_roja
6.934211,-2.773614,papa_roja
6.503403,-2.769751,papa_roja
6.181402,-2.736986,papa_roja
6.026807,-2.70005,papa_roja
5.766486,-2.633113,papa_roja
3.534674,-3.49775,papa_roja
3.612394,-3.323927,papa_roja
3.655971,-3.320217,papa_roja
3.751148,-3.197004,papa_roja
3.923047,-3.210119,papa_roja
3.960365,-3.21991,papa_roja
3.808643,-3.080317,papa_roja
3.677624,-3.152296,papa_roja
3.623791,-3.029673,papa_roja
3.737603,-3.122415,papa_roja
4.388573,-2.876001,papa_roja
3.986295,-3.056718,papa_roja
4.227176,-3.336303,papa_roja
4.186538,-3.25329,papa_roja
4.418603,-3.37803,papa_roja
3.468544,-3.590622,papa_roja
4.452985,-3.410484,papa_roja
4.492716,-3.478711,papa_roja
4.464086,-3.515819,papa_roja
4.414085,-3.58452,papa_roja
4.270954,-3.589714,papa_roja
4.19229,-3.563708,papa_roja
4.156858,-3.527808,papa_roja
3.998427,-3.684231,papa_roja
3.955719,-3.785443,papa_roja
3.907908,-3.742221,papa_roja
3.907194,-3.831422,papa_roja
3.867595,-3.852747,papa_roja
3.853044,-3.802567,papa_roja
3.815357,-3.735029,papa_roja
3.742363,-3.734497,papa_roja
3.498391,-3.311416,papa_roja
3.470042,-3.365891,papa_roja
3.318108,-3.396472,papa_roja
3.03371,-3.314089,papa_roja
3.126091,-3.422958,papa_roja
3.431759,-3.613387,papa_roja
3.086914,-3.488372,papa_roja
3.040141,-3.364337,papa_roja
3.098097,-3.474656,papa_roja
3.136897,-3.399339,papa_roja
3.230528,-3.415701,papa_roja
3.463645,-4.251924,papa_roja
2.446658,-4.679188,papa_roja
1.803251,-4.377977,papa_roja
1.776664,-4.394156,papa_roja
1.985487,-4.23956,papa_roja
1.90132,-4.286338,papa_roja
2.356369,-4.129911,papa_roja
2.52975,-4.046366,papa_roja
2.79705,-4.026031,papa_roja
3.232582,-3.675578,papa_roja
3.298476,-3.843402,papa_roja
4.798981,-2.794027,papa_roja
5.018266,-2.699693,papa_roja
5.206062,-2.712942,papa_roja
3.773491,-3.224612,papa_roja
5.530734,-2.660827,papa_roja
3.555289,-3.19738,papa_roja
3.386262,-3.28303,papa_roja
3.267909,-3.317222,papa_roja
3.094148,-3.196621,papa_roja
2.895826,-3.156493,papa_roja
2.927261,-3.157852,papa_roja
3.050603,-3.229499,papa_roja
3.113743,-3.264502,papa_roja
3.214743,-3.323411,papa_roja
3.293998,-3.308457,papa_roja
3.37804,-3.346112,papa_roja
3.276728,-3.70488,papa_roja
3.318689,-3.695328,papa_roja
3.396507,-3.961715,papa_roja
3.54479,-4.031779,papa_roja
3.735549,-4.169905,papa_roja
3.907233,-4.099548,papa_roja
3.828846,-3.997021,papa_roja
1.702211,-2.74365,papa_roja
1.73035,-2.751436,papa_roja
2.426139,-3.127026,papa_roja
2.420428,-3.063099,papa_roja
2.461143,-3.082876,papa_roja
2.808338,-3.213575,papa_roja
3.155465,-3.283082,papa_roja
3.629188,-3.323375,papa_roja
4.246698,-3.411272,papa_roja
4.593243,-3.479186,papa_roja
2.743756,-3.291753,papa_roja
5.101367,-3.636608,papa_roja
5.018495,-3.615907,papa_roja
5.188837,-3.643082,papa_roja
5.247324,-3.57258,papa_roja
5.18542,-3.493789,papa_roja
2.781288,-3.489805,papa_roja
4.039004,-4.525206,papa_roja
2.607395,-3.620973,papa_roja
2.909088,-3.918185,papa_roja
4.507767,-3.948813,papa_roja
4.446412,-4.003905,papa_roja
4.46603,-4.135445,papa_roja
4.774736,-4.158638,papa_roja
4.930513,-3.927731,papa_roja
4.9081,-3.70938,papa_roja
4.695394,-3.271616,papa_roja
3.029347,-3.079453,papa_roja
4.003604,-3.695317,papa_roja
3.995578,-3.32805,papa_roja
4.563679,-3.257464,papa_roja
4.34024,-3.257147,papa_roja
4.087138,-3.344758,papa_roja
4.071134,-3.371398,papa_roja
4.06162,-3.301578,papa_roja
4.185497,-3.380809,papa_roja
4.212722,-3.437366,papa_roja
4.342473,-3.363737,papa_roja
4.432282,-3.21843,papa_roja
4.097144,-3.57911,papa_roja
4.480241,-3.272065,papa_roja
4.479154,-3.27354,papa_roja
4.457937,-3.288382,papa_roja
4.464976,-3.229315,papa_roja
4.518772,-3.193531,papa_roja
4.803503,-3.268229,papa_roja
4.836773,-3.317975,papa_roja
5.043547,-3.320501,papa_roja
5.070797,-3.251547,papa_roja
5.109128,-3.321671,papa_roja
5.113319,-3.350261,papa_roja
5.151568,-3.442074,papa_roja
5.029571,-3.330036,papa_roja
4.894791,-3.361937,papa_roja
4.675455,-3.122478,papa_roja
4.515346,-3.189581,papa_roja
4.116482,-3.445326,papa_roja
3.930742,-3.30372,papa_roja
3.841896,-3.527357,papa_roja
3.604333,-3.589467,papa_roja
3.641654,-3.77957,papa_roja
3.954676,-3.568713,papa_roja
3.976321,-3.589938,papa_roja
3.991948,-3.533518,papa_roja
4.045047,-3.572619,papa_roja
4.266928,-3.057605,papa_roja
4.29437,-3.049879,papa_roja
4.494539,-3.118381,papa_roja
4.091909,-3.555541,papa_roja
4.751504,-3.252072,papa_roja
4.647149,-3.219348,papa_roja
4.600111,-3.210887,papa_roja
4.43358,-2.551883,papa_roja
4.989436,-2.69138,papa_roja
5.570058,-2.598611,papa_roja
5.916702,-2.502467,papa_roja
6.365857,-2.25686,papa_roja
7.79748,-1.874041,papa_roja
7.914167,-1.756774,papa_roja
8.194838,-1.304393,papa_roja
5.929666,-2.545613,papa_roja
4.792402,-2.214245,papa_roja
4.843911,-2.379697,papa_roja
6.454061,-2.431177,papa_roja
5.168555,-2.465523,papa_roja
7.577532,-1.83949,papa_roja
8.121412,-1.67548,papa_roja
8.178543,-1.653732,papa_roja
8.202064,-1.814013,papa_roja
5.368216,-2.410909,papa_roja
8.322272,-1.577949,papa_roja
8.398858,-1.581808,papa_roja
8.117695,-1.944749,papa_roja
5.408481,-2.412027,papa_roja
8.067179,-2.354263,papa_roja
7.847556,-2.685373,papa_roja
7.420973,-3.76773,papa_roja
5.431037,-2.474847,papa_roja
5.040623,-2.599159,papa_roja
4.759908,-2.440432,papa_roja
4.421305,-2.121528,papa_roja
4.515174,-2.107607,papa_roja
4.431755,-2.028772,papa_roja
4.39277,-1.979761,papa_roja
4.371231,-1.96165,papa_roja
4.276374,-2.02645,papa_roja
4.279908,-2.038469,papa_roja
4.300463,-2.413355,papa_roja
4.370269,-2.477741,papa_roja
5.33796,-3.175925,papa_roja
4.864126,-2.749297,papa_roja
4.868566,-2.864869,papa_roja
5.007092,-2.947394,papa_roja
5.092192,-2.972356,papa_roja
5.122212,-3.068426,papa_roja
5.828039,-3.1046,papa_roja
5.861297,-3.064025,papa_roja
5.932466,-3.144864,papa_roja
6.192803,-2.844017,papa_roja
6.473648,-2.47127,papa_roja
6.570622,-2.375449,papa_roja
6.642904,-2.382416,papa_roja
6.502528,-2.288278,papa_roja
6.621321,-2.456789,papa_roja
6.865859,-2.190903,papa_roja
6.898268,-2.137491,papa_roja
7.034657,-2.187848,papa_roja
7.187016,-2.018973,papa_roja
7.679497,-1.975885,papa_roja
7.44099,-2.59364,papa_roja
7.408128,-2.468506,papa_roja
7.424311,-2.65572,papa_roja
7.074273,-2.529567,papa_roja
6.884983,-2.641948,papa_roja
5.969113,-3.209857,papa_roja
4.910192,-3.019472,papa_roja
5.332722,-3.208742,papa_roja
5.304156,-3.226632,papa_roja
5.036045,-2.881816,papa_roja
6.799589,-1.762614,papa_roja
6.883064,-1.739955,papa_roja
7.246872,-1.502624,papa_roja
7.321791,-1.418927,papa_roja
7.518513,-1.324393,papa_roja
8.319791,-0.725994,papa_roja
4.980334,-3.111209,papa_roja
4.989562,-2.5487,papa_roja
6.628741,-1.88918,tomate_cherry
7.009037,-1.580886,tomate_cherry
6.563858,-1.865418,tomate_cherry
6.584121,-1.884345,tomate_cherry
6.574315,-1.925061,tomate_cherry
6.654972,-2.229008,tomate_cherry
6.650576,-2.241875,tomate_cherry
6.726727,-1.704779,tomate_cherry
6.783798,-1.93604,tomate_cherry
6.753992,-1.740268,tomate_cherry
7.017373,-1.491924,tomate_cherry
7.031864,-1.563304,tomate_cherry
6.958136,-1.549812,tomate_cherry
7.041166,-1.512798,tomate_cherry
7.06132,-1.524611,tomate_cherry
7.014851,-1.553828,tomate_cherry
6.81813,-1.566443,tomate_cherry
6.84981,-1.830338,tomate_cherry
6.796807,-1.609774,tomate_cherry
6.766238,-1.624248,tomate_cherry
6.567528,-2.389128,tomate_cherry
6.604955,-2.424674,tomate_cherry
6.591873,-2.44443,tomate_cherry
5.753542,-2.189883,tomate_cherry
5.722626,-2.265682,tomate_cherry
5.588493,-2.235081,tomate_cherry
5.479401,-2.149194,tomate_cherry
5.331351,-2.004154,tomate_cherry
6.14716,-2.163048,tomate_cherry
5.99414,-2.060388,tomate_cherry
6.076943,-2.110107,tomate_cherry
6.15847,-2.105604,tomate_cherry
6.191037,-2.20255,tomate_cherry
5.92234,-2.000502,tomate_cherry
5.856384,-2.226219,tomate_cherry
5.821174,-2.083075,tomate_cherry
5.856708,-1.996764,tomate_cherry
5.9431,-2.022629,tomate_cherry
5.373873,-2.417614,tomate_cherry
5.51173,-2.461747,tomate_cherry
5.90622,-2.334184,tomate_cherry
5.980202,-2.262902,tomate_cherry
5.833622,-2.251902,tomate_cherry
6.3893,-1.696489,tomate_cherry
6.40612,-1.703184,tomate_cherry
6.367987,-1.722792,tomate_cherry
6.437032,-1.864681,tomate_cherry
5.218309,1.29065,tomate_cherry
5.255228,1.182066,tomate_cherry
5.361152,1.368716,tomate_cherry
5.869267,1.955092,tomate_cherry
5.563464,2.17142,tomate_cherry
5.693246,2.062057,tomate_cherry
5.576383,1.825477,tomate_cherry
5.532543,1.200136,tomate_cherry
5.401782,1.259128,tomate_cherry
5.444866,1.154133,tomate_cherry
5.592158,1.60186,tomate_cherry
5.208164,1.842401,tomate_cherry
5.194913,1.455906,tomate_cherry
5.745714,1.259318,tomate_cherry
5.966851,1.592214,tomate_cherry
7.359173,2.495761,tomate_cherry
6.336655,2.693307,tomate_cherry
6.362067,2.563152,tomate_cherry
6.162212,2.223621,tomate_cherry
6.15354,2.36369,tomate_cherry
4.509685,3.122347,tomate_cherry
5.630499,2.375221,tomate_cherry
6.130794,1.686417,tomate_cherry
5.929429,1.09126,tomate_cherry
5.74886,0.967676,tomate_cherry
6.143728,-2.458381,tomate_cherry
6.15196,-2.469705,tomate_cherry
5.992942,-2.562386,tomate_cherry
5.86967,-2.671524,tomate_cherry
5.823687,-2.894022,tomate_cherry
5.961882,-2.600532,tomate_cherry
6.036001,-2.483585,tomate_cherry
6.140518,-2.302041,tomate_cherry
6.237886,-2.158145,tomate_cherry
6.236893,-2.111816,tomate_cherry
6.351435,-1.935521,tomate_cherry
6.459118,-1.760187,tomate_cherry
6.461034,-1.708012,tomate_cherry
6.615947,-1.554352,tomate_cherry
6.638976,-1.442401,tomate_cherry
6.873696,-1.404147,tomate_cherry
6.648547,-1.432624,tomate_cherry
6.69955,-1.6959,tomate_cherry
6.717249,-1.423155,tomate_cherry
6.709376,-1.365399,tomate_cherry
6.691466,-1.338256,tomate_cherry
6.637209,-1.321822,tomate_cherry
6.703512,-1.529581,tomate_cherry
6.65761,-1.497649,tomate_cherry
6.716335,-1.577788,tomate_cherry
6.678766,-1.523873,tomate_cherry
6.642513,-1.511691,tomate_cherry
6.580217,-1.507467,tomate_cherry
6.599865,-1.645541,tomate_cherry
6.666812,-2.153298,tomate_cherry
6.631234,-2.022961,tomate_cherry
6.790855,-2.068638,tomate_cherry
6.826192,-2.05655,tomate_cherry
6.702941,-1.916088,tomate_cherry
6.736482,-1.914863,tomate_cherry
6.750709,-1.932256,tomate_cherry
6.678861,-1.809964,tomate_cherry
6.797478,-1.754386,tomate_cherry
6.677863,-1.630276,tomate_cherry
6.696475,-1.642295,tomate_cherry
6.764911,-1.709241,tomate_cherry
6.768606,-1.750031,tomate_cherry
6.791705,-1.80444,tomate_cherry
6.813705,-1.809356,tomate_cherry
6.901475,-1.705716,tomate_cherry
6.832359,-1.527297,tomate_cherry
6.884167,-1.517726,tomate_cherry
6.899769,-1.490814,tomate_cherry
6.986189,-1.479005,tomate_cherry
7.025292,-1.460273,tomate_cherry
6.888889,-1.402945,tomate_cherry
6.951138,-1.642193,tomate_cherry
6.996867,-1.570352,tomate_cherry
6.900092,-1.707406,tomate_cherry
6.905533,-1.739091,tomate_cherry
6.713497,-1.624675,tomate_cherry
6.790907,-1.541501,tomate_cherry
6.548952,-1.559726,tomate_cherry
6.636567,-1.95575,tomate_cherry
6.518788,-2.078297,tomate_cherry
6.967788,-1.528812,tomate_cherry
6.630496,-1.976347,tomate_cherry
6.505822,-2.074116,tomate_cherry
6.414022,-2.172882,tomate_cherry
6.365942,-2.242354,tomate_cherry
6.311539,-2.293393,tomate_cherry
5.423751,-2.378278,tomate_cherry
5.403203,-2.27228,tomate_cherry
5.119265,-2.416407,tomate_cherry
5.068491,-2.416429,tomate_cherry
4.705061,-2.644027,tomate_cherry
4.672322,-2.702244,tomate_cherry
5.071129,-2.207113,tomate_cherry
5.038358,-2.191778,tomate_cherry
5.195783,-1.994416,tomate_cherry
5.142104,-1.942781,tomate_cherry
5.717141,-2.329416,tomate_cherry
5.05877,-2.301944,tomate_cherry
5.111306,-2.28562,tomate_cherry
5.159483,-2.138481,tomate_cherry
5.552941,-1.755007,tomate_cherry
5.837126,-1.690377,tomate_cherry
5.725328,-1.739284,tomate_cherry
5.461584,-2.398258,tomate_cherry
5.767373,-2.185742,tomate_cherry
5.482416,-2.430866,tomate_cherry
5.748092,-2.224233,tomate_cherry
5.629214,-2.287719,tomate_cherry
5.280599,-2.374149,tomate_cherry
5.505613,-2.154965,tomate_cherry
5.454344,-1.878755,tomate_cherry
5.032294,-2.266437,tomate_cherry
4.953397,-2.280463,tomate_cherry
5.488522,-1.988274,tomate_cherry
5.47491,-1.998066,tomate_cherry
5.580025,-2.153628,tomate_cherry
5.635715,-2.126224,tomate_cherry
5.975562,-2.473344,tomate_cherry
6.021148,-2.19497,tomate_cherry
6.132533,-2.225198,tomate_cherry
5.97425,-2.174926,tomate_cherry
5.978032,-2.176915,tomate_cherry
6.096764,-2.055601,tomate_cherry
6.048428,-2.366482,tomate_cherry
6.036296,-2.390144,tomate_cherry
6.047329,-2.32223,tomate_cherry
6.034641,-2.270344,tomate_cherry
5.990225,-2.33581,tomate_cherry
5.988292,-2.310282,tomate_cherry
6.028722,-2.057334,tomate_cherry
6.094116,-1.938434,tomate_cherry
5.883861,-2.316447,tomate_cherry
5.816079,-2.113911,tomate_cherry
5.904112,-2.053908,tomate_cherry
5.926424,-1.949713,tomate_cherry
5.525973,-2.406344,tomate_cherry
5.565538,-2.401601,tomate_cherry
5.867294,-2.22063,tomate_cherry
6.123257,-1.939938,tomate_cherry
6.111767,-1.962735,tomate_cherry
5.851033,-2.287155,tomate_cherry
6.132776,-1.909162,tomate_cherry
6.671857,-1.705029,tomate_cherry
6.398758,-1.952227,tomate_cherry
6.57702,-2.103523,tomate_cherry
6.390544,-2.218434,tomate_cherry
6.175185,-2.60692,tomate_cherry
6.159616,-2.553669,tomate_cherry
6.168185,-1.87717,tomate_cherry
6.091232,-2.550585,tomate_cherry
6.051842,-2.530554,tomate_cherry
5.98835,-2.532909,tomate_cherry
5.686113,-2.343837,tomate_cherry
5.378311,-2.929514,tomate_cherry
5.259846,-3.03391,tomate_cherry
5.119318,-3.139413,tomate_cherry
10.063067,3.029699,tomate_cherry
5.060485,1.461541,tomate_cherry
5.198506,1.29767,tomate_cherry
4.971174,1.393937,tomate_cherry
4.983442,1.409163,tomate_cherry
5.00087,1.37887,tomate_cherry
5.203595,1.199545,tomate_cherry
5.44154,1.44043,tomate_cherry
5.296309,1.358555,tomate_cherry
5.541253,1.273257,tomate_cherry
5.594398,1.279936,tomate_cherry
5.459855,1.412497,tomate_cherry
5.896211,1.936799,tomate_cherry
5.637606,2.130951,tomate_cherry
5.583325,2.139061,tomate_cherry
5.539761,2.181723,tomate_cherry
5.880705,1.823278,tomate_cherry
5.450276,1.923855,tomate_cherry
5.815099,1.741204,tomate_cherry
5.624038,1.803355,tomate_cherry
5.605481,1.813188,tomate_cherry
5.40473,1.742286,tomate_cherry
5.409757,1.162375,tomate_cherry
5.392053,1.217957,tomate_cherry
5.370658,1.24646,tomate_cherry
5.34994,1.213367,tomate_cherry
7.691909,2.20078,tomate_cherry
5.443893,1.092222,tomate_cherry
5.563549,1.556639,tomate_cherry
5.708609,1.656616,tomate_cherry
5.667432,1.64239,tomate_cherry
5.589886,1.749522,tomate_cherry
5.615036,1.770994,tomate_cherry
5.526973,1.796537,tomate_cherry
5.427993,1.834131,tomate_cherry
5.462129,1.499175,tomate_cherry
5.300892,1.845973,tomate_cherry
5.194338,1.894293,tomate_cherry
5.208354,1.811973,tomate_cherry
5.295435,1.767609,tomate_cherry
5.282136,1.654478,tomate_cherry
5.00637,1.69319,tomate_cherry
4.899379,1.708467,tomate_cherry
5.440594,1.43494,tomate_cherry
5.747718,1.062985,tomate_cherry
5.755915,1.167824,tomate_cherry
5.777227,1.252462,tomate_cherry
6.151089,1.81911,tomate_cherry
5.743028,1.239125,tomate_cherry
5.851373,1.305145,tomate_cherry
5.870522,1.401997,tomate_cherry
5.880745,1.430013,tomate_cherry
5.861161,1.507325,tomate_cherry
5.917334,1.673445,tomate_cherry
5.881793,1.850642,tomate_cherry
5.883585,2.036806,tomate_cherry
6.029917,2.21532,tomate_cherry
6.283173,2.595302,tomate_cherry
6.609075,2.618561,tomate_cherry
7.137432,2.747831,tomate_cherry
7.457364,2.600169,tomate_cherry
7.366376,2.515145,tomate_cherry
7.361743,2.543282,tomate_cherry
7.182496,2.593099,tomate_cherry
6.351018,2.574564,tomate_cherry
6.265022,2.482138,tomate_cherry
6.143856,2.348037,tomate_cherry
5.964462,2.226049,tomate_cherry
5.799867,2.156286,tomate_cherry
5.464113,2.126869,tomate_cherry
5.374697,2.097175,tomate_cherry
5.192073,1.979296,tomate_cherry
5.172272,1.899426,tomate_cherry
5.51742,1.518915,tomate_cherry
6.220599,2.26007,tomate_cherry
6.156555,2.268655,tomate_cherry
5.9729,2.501951,tomate_cherry
5.892584,2.668755,tomate_cherry
5.823833,2.727179,tomate_cherry
5.509452,2.847117,tomate_cherry
5.425017,2.902156,tomate_cherry
5.309487,2.776933,tomate_cherry
4.8153,2.982304,tomate_cherry
5.593559,2.480385,tomate_cherry
5.594255,2.471258,tomate_cherry
5.69332,2.325064,tomate_cherry
5.963498,2.23034,tomate_cherry
6.022369,2.18841,tomate_cherry
6.216947,1.162786,tomate_cherry
6.171961,1.790699,tomate_cherry
5.895984,1.046863,tomate_cherry
5.826349,0.964042,tomate_cherry
-2.458182,-4.456898,zucchini
-2.281535,-4.49193,zucchini
-2.240037,-4.45743,zucchini
-2.052962,-4.412635,zucchini
-2.024223,-4.406985,zucchini
-2.026761,-4.415267,zucchini
-2.188795,-4.399757,zucchini
-2.089868,-4.384547,zucchini
-2.039163,-4.425407,zucchini
-2.062766,-4.420439,zucchini
-2.121231,-4.409585,zucchini
-2.259171,-4.561398,zucchini
-2.282884,-4.554883,zucchini
-2.391277,-4.591727,zucchini
-2.382001,-4.583786,zucchini
-2.38095,-4.615259,zucchini
-2.421892,-4.453533,zucchini
-2.373705,-4.447887,zucchini
-2.072117,-4.384209,zucchini
-2.128903,-4.410635,zucchini
-2.087251,-4.440213,zucchini
-2.41688,-4.590546,zucchini
-2.388855,-4.583726,zucchini
3.064274,-2.780205,zucchini
3.310963,-2.942658,zucchini
3.156774,-2.28087,zucchini
3.250559,-2.251413,zucchini
3.59063,-2.84254,zucchini
3.678305,-3.019907,zucchini
3.583622,-2.83137,zucchini
3.617711,-2.860645,zucchini
3.452707,-3.703382,zucchini
3.40409,-3.64396,zucchini
3.36329,-3.571573,zucchini
3.344767,-3.300967,zucchini
3.185638,-3.283846,zucchini
2.99872,-3.119133,zucchini
3.075921,-2.948738,zucchini
3.785904,-3.280336,zucchini
3.787067,-3.510615,zucchini
3.597089,-3.665088,zucchini
3.539086,-2.807408,zucchini
2.872882,-2.993524,zucchini
4.541025,-3.101169,zucchini
5.83861,-4.207508,zucchini
7.581355,-4.80355,zucchini
8.188172,-1.119555,zucchini
3.346285,-3.556885,zucchini
3.904741,-3.321157,zucchini
4.532892,-3.298682,zucchini
5.757318,-4.083637,zucchini
6.543605,-4.895794,zucchini
10.285379,-3.450904,zucchini
10.448248,-0.879783,zucchini
8.942372,2.24035,zucchini
7.147197,1.682032,zucchini
3.462413,-2.988333,zucchini
3.809683,-1.988481,zucchini
7.900248,-1.479462,zucchini
4.216285,-2.130216,zucchini
3.419117,-2.474907,zucchini
3.039659,-2.647132,zucchini
2.842296,-2.835405,zucchini
1.579161,-3.535196,zucchini
2.578104,-4.174466,zucchini
4.820737,-5.561432,zucchini
5.832861,1.108625,zucchini
10.626511,-1.759081,zucchini
1.687513,-3.322647,zucchini
1.748637,-3.413085,zucchini
1.886895,-3.433824,zucchini
2.296154,-3.504374,zucchini
2.7924,-3.767707,zucchini
7.183728,-4.166332,zucchini
-2.504619,-4.564419,zucchini
-2.135791,-4.425826,zucchini
-2.420696,-4.454324,zucchini
-2.410004,-4.450118,zucchini
-2.361642,-4.422961,zucchini
-2.353259,-4.476742,zucchini
-2.102144,-4.422509,zucchini
-2.245533,-4.461827,zucchini
-2.249331,-4.465054,zucchini
-2.272812,-4.464797,zucchini
-2.218051,-4.382624,zucchini
-2.056733,-4.417517,zucchini
-2.026875,-4.420783,zucchini
-2.041351,-4.413902,zucchini
-2.009099,-4.40944,zucchini
-1.980408,-4.401709,zucchini
-2.178261,-4.44091,zucchini
-2.13567,-4.383081,zucchini
-2.078621,-4.382888,zucchini
-2.169192,-4.427654,zucchini
-2.123069,-4.432114,zucchini
-2.053438,-4.428036,zucchini
-2.13367,-4.41659,zucchini
-2.206061,-4.414158,zucchini
-2.267908,-4.422447,zucchini
-2.225565,-4.391546,zucchini
-2.173429,-4.402742,zucchini
-2.12835,-4.431414,zucchini
-2.110605,-4.430732,zucchini
-2.302681,-4.561538,zucchini
-2.338441,-4.564608,zucchini
-2.362838,-4.557711,zucchini
-2.31416,-4.559189,zucchini
-2.279349,-4.554537,zucchini
-2.313168,-4.564044,zucchini
-2.399173,-4.595617,zucchini
-2.427615,-4.594111,zucchini
-2.391352,-4.581508,zucchini
-2.349787,-4.610237,zucchini
-2.369086,-4.604504,zucchini
-2.177696,-4.401902,zucchini
-2.379321,-4.61402,zucchini
-2.51588,-4.61038,zucchini
-2.158245,-4.406624,zucchini
-2.465803,-4.564839,zucchini
-2.472987,-4.559305,zucchini
-2.413412,-4.452477,zucchini
-2.391848,-4.441123,zucchini
-2.369558,-4.435515,zucchini
-2.365254,-4.438701,zucchini
-2.330662,-4.496474,zucchini
-2.329765,-4.482706,zucchini
-2.082259,-4.371721,zucchini
-2.057038,-4.375139,zucchini
-2.136202,-4.402937,zucchini
-2.150262,-4.400119,zucchini
-2.21542,-4.415849,zucchini
-2.253618,-4.411095,zucchini
-2.132571,-4.398752,zucchini
-2.120661,-4.41209,zucchini
-2.102442,-4.429485,zucchini
-2.162407,-4.435343,zucchini
-2.293391,-4.55272,zucchini
-2.164167,-4.424851,zucchini
-2.292107,-4.555978,zucchini
-2.401285,-4.575232,zucchini
-2.399126,-4.578429,zucchini
-2.374272,-4.596961,zucchini
-2.363645,-4.61018,zucchini
-2.367036,-4.606782,zucchini
-2.366651,-4.601173,zucchini
-2.142353,-4.438884,zucchini
3.583307,-3.011839,zucchini
3.033531,-2.95174,zucchini
3.150679,-2.919129,zucchini
3.439656,-2.816237,zucchini
3.248827,-2.867671,zucchini
3.451718,-2.739279,zucchini
3.298469,-2.855871,zucchini
3.130475,-2.658449,zucchini
3.16881,-2.528974,zucchini
3.176523,-2.315154,zucchini
3.171707,-2.297187,zucchini
3.171869,-2.349143,zucchini
3.273988,-2.241409,zucchini
3.339056,-2.005513,zucchini
3.375424,-1.95487,zucchini
3.443308,-1.947478,zucchini
3.456663,-1.884157,zucchini
3.441722,-2.895092,zucchini
3.551098,-2.547353,zucchini
3.56826,-2.475034,zucchini
3.61399,-2.698189,zucchini
3.556414,-2.857354,zucchini
3.526941,-2.832487,zucchini
3.519108,-3.039755,zucchini
3.562568,-3.007978,zucchini
3.626777,-2.902615,zucchini
3.700922,-2.851762,zucchini
3.687881,-2.912358,zucchini
3.536238,-2.88846,zucchini
3.649279,-2.871545,zucchini
3.624526,-2.848922,zucchini
3.777036,-3.104092,zucchini
3.898982,-3.302963,zucchini
3.789542,-2.931129,zucchini
3.45436,-3.627277,zucchini
3.450584,-3.633861,zucchini
3.448341,-3.661834,zucchini
3.434953,-3.70469,zucchini
3.335112,-3.686431,zucchini
3.316379,-3.678699,zucchini
3.252993,-3.6798,zucchini
3.143469,-3.591959,zucchini
3.347779,-3.440883,zucchini
3.380707,-3.439129,zucchini
3.445965,-3.486732,zucchini
3.319666,-3.329189,zucchini
3.35104,-3.265942,zucchini
3.184105,-3.309736,zucchini
3.01402,-3.120146,zucchini
3.050485,-3.060564,zucchini
2.815397,-3.018051,zucchini
3.66115,-3.1344,zucchini
3.132197,-3.076383,zucchini
3.171454,-3.053907,zucchini
3.686776,-3.104926,zucchini
3.632567,-2.940263,zucchini
3.056734,-2.877506,zucchini
3.041029,-2.867478,zucchini
3.026779,-2.969041,zucchini
3.3115,-2.74908,zucchini
3.288092,-2.935027,zucchini
3.695697,-3.389928,zucchini
3.891903,-3.493382,zucchini
3.803639,-3.491764,zucchini
3.822488,-3.632774,zucchini
3.450583,-3.688634,zucchini
3.498025,-3.684277,zucchini
3.487488,-3.692394,zucchini
3.628825,-2.875166,zucchini
3.377414,-3.68443,zucchini
3.205614,-3.656659,zucchini
3.581626,-2.863143,zucchini
3.149168,-3.615477,zucchini
3.302007,-3.463263,zucchini
3.425502,-3.470083,zucchini
3.475912,-2.814671,zucchini
3.006448,-2.960034,zucchini
3.042234,-3.090477,zucchini
3.12913,-3.076561,zucchini
3.979058,-2.749223,zucchini
3.152001,-2.559163,zucchini
2.999255,-2.613699,zucchini
2.885641,-2.691518,zucchini
3.039644,-3.124491,zucchini
3.52921,-3.156232,zucchini
3.036047,-3.132906,zucchini
4.391541,-3.01156,zucchini
4.467787,-3.026504,zucchini
6.109609,-4.427178,zucchini
6.790402,-4.79669,zucchini
9.247414,-3.960748,zucchini
8.797267,-2.046692,zucchini
8.902926,-0.688963,zucchini
8.587885,1.628472,zucchini
7.005056,1.402617,zucchini
4.952217,-2.015852,zucchini
4.814818,-2.190538,zucchini
4.562112,-2.409684,zucchini
3.032355,-3.226109,zucchini
3.154886,-3.512396,zucchini
3.535461,-3.489343,zucchini
3.888881,-2.78307,zucchini
3.698406,-3.427607,zucchini
4.226305,-3.263524,zucchini
4.662814,-3.324009,zucchini
5.590112,-3.920855,zucchini
6.82588,-5.08809,zucchini
9.253652,-4.614687,zucchini
11.167053,0.570872,zucchini
10.838691,1.627625,zucchini
6.664146,1.230471,zucchini
5.658556,0.391101,zucchini
5.526816,0.135031,zucchini
4.945192,-0.772021,zucchini
4.602413,-1.151308,zucchini
4.292083,-1.538078,zucchini
7.565823,-0.518542,zucchini
11.651326,0.934952,zucchini
4.296666,-2.066405,zucchini
3.606823,-2.41073,zucchini
3.556377,-2.470788,zucchini
3.151171,-2.628209,zucchini
3.099682,-2.696417,zucchini
2.857246,-2.858129,zucchini
1.556094,-3.543317,zucchini
1.479735,-3.563485,zucchini
1.384231,-3.621901,zucchini
1.724295,-3.76738,zucchini
1.937023,-3.86612,zucchini
2.678621,-4.206005,zucchini
2.801351,-4.295923,zucchini
3.018955,-4.376548,zucchini
6.68225,1.754748,zucchini
4.025515,-5.124939,zucchini
4.561902,-5.458519,zucchini
5.625485,-5.699317,zucchini
6.205737,1.473717,zucchini
6.623896,-5.447151,zucchini
8.550289,-4.355391,zucchini
5.198552,0.361702,zucchini
4.612467,-0.619267,zucchini
4.26497,-1.040732,zucchini
3.515006,-1.953282,zucchini
3.280448,-2.170885,zucchini
3.147255,-2.288209,zucchini
3.051889,-2.373008,zucchini
2.442752,-2.86577,zucchini
1.79752,-3.263019,zucchini
1.709029,-3.311253,zucchini
1.743584,-3.32026,zucchini
11.320628,-0.074957,zucchini
2.517535,-3.586952,zucchini
3.30073,-4.408933,zucchini
4.007825,-5.255976,zucchini
